1,4,'COMPO-672T',98000
2,1,'TV-081I',295000
3,4,'COMPO-101Z',82000
4,7,'NPC-810G',63000
5,1,'TV-024A',287000
6,1,'TV-226C',289000
7,7,'NPC-032U',115000
8,7,'NPC-134M',65000
9,3,'DVDR-853T',104000
10,7,'NPC-802E',120000
11,9,'DC-741R',22000
12,5,'RC-874E',10000
13,7,'NPC-111V',53000
14,10,'MP3-776I',6000
15,8,'PR-045X',21000
16,9,'DC-562U',25000
17,4,'COMPO-401K',126000
18,9,'DC-581W',33000
19,6,'DPC-531G',141000
20,6,'DPC-870Z',40000
21,10,'MP3-131Z',21000
22,9,'DC-704H',12000
23,10,'MP3-212O',28000
24,10,'MP3-125U',15000
25,6,'DPC-218D',55000
26,5,'RC-487A',5000
27,8,'PR-812J',28000
28,4,'COMPO-014N',34000
29,9,'DC-462Q',6000
30,3,'DVDR-385I',68000
31,6,'DPC-330L',60000
32,3,'DVDR-144A',147000
33,9,'DC-666T',12000
34,10,'MP3-211X',4000
35,7,'NPC-212B',113000
36,1,'TV-637A',200000
37,2,'DVDP-128R',13000
38,9,'DC-275X',12000
39,6,'DPC-743K',57000
40,5,'RC-456N',36000
41,5,'RC-374S',32000
42,5,'RC-716Q',18000
43,7,'NPC-126W',44000
44,9,'DC-864G',15000
45,5,'RC-177L',24000
46,8,'PR-517C',13000
47,3,'DVDR-174H',146000
48,7,'NPC-138Z',130000
49,8,'PR-422Z',8000
50,6,'DPC-043I',104000
51,7,'NPC-236U',68000
52,6,'DPC-777V',132000
53,1,'TV-283C',168000
54,7,'NPC-252Z',107000
55,4,'COMPO-038R',126000
56,1,'TV-527H',266000
57,1,'TV-030I',169000
58,10,'MP3-706F',3000
59,4,'COMPO-814J',15000
60,6,'DPC-512K',86000
61,8,'PR-118Q',19000
62,1,'TV-035M',11000
63,3,'DVDR-318M',126000
64,9,'DC-200L',17000
65,10,'MP3-735W',4000
66,1,'TV-223C',284000
67,7,'NPC-655W',75000
68,6,'DPC-402W',44000
69,10,'MP3-343N',23000
70,1,'TV-018S',18000
71,9,'DC-546D',11000
72,1,'TV-577J',87000
73,1,'TV-805G',21000
74,9,'DC-148Y',13000
75,2,'DVDP-882J',17000
76,7,'NPC-321S',88000
77,2,'DVDP-787X',15000
78,8,'PR-245S',26000
79,6,'DPC-011E',113000
80,9,'DC-736X',26000
81,7,'NPC-045H',109000
82,4,'COMPO-180C',97000
83,10,'MP3-162T',10000
84,9,'DC-288P',17000
85,6,'DPC-223X',67000
86,4,'COMPO-228M',73000
87,9,'DC-575M',32000
88,10,'MP3-661P',21000
89,9,'DC-542I',26000
90,9,'DC-778T',24000
91,9,'DC-235F',6000
92,7,'NPC-227E',75000
93,1,'TV-827R',300000
94,7,'NPC-478F',159000
95,3,'DVDR-013U',90000
96,10,'MP3-533H',16000
97,9,'DC-470W',23000
98,9,'DC-284K',19000
99,9,'DC-332P',8000
100,4,'COMPO-118A',36000
101,9,'DC-245A',29000
102,6,'DPC-418F',63000
103,7,'NPC-100L',87000
104,4,'COMPO-866Y',88000
105,9,'DC-486M',36000
106,6,'DPC-825H',104000
107,2,'DVDP-575V',9000
108,10,'MP3-173H',23000
109,9,'DC-203N',25000
110,7,'NPC-010P',138000
111,7,'NPC-184X',77000
112,8,'PR-301I',18000
113,8,'PR-457T',27000
114,5,'RC-474O',27000
115,1,'TV-526P',28000
116,9,'DC-013A',25000
117,4,'COMPO-270A',45000
118,10,'MP3-714S',3000
119,4,'COMPO-880D',40000
120,4,'COMPO-108X',79000
121,6,'DPC-272M',89000
122,9,'DC-071F',19000
123,10,'MP3-022J',6000
124,8,'PR-462Q',12000
125,6,'DPC-547A',141000
126,6,'DPC-182Z',100000
127,9,'DC-036E',25000
128,3,'DVDR-716Z',94000
129,9,'DC-868V',14000
130,10,'MP3-658D',20000
131,4,'COMPO-438H',39000
132,7,'NPC-216H',134000
133,1,'TV-353N',55000
134,10,'MP3-824W',12000
135,3,'DVDR-372V',101000
136,1,'TV-105U',213000
137,7,'NPC-126A',151000
138,8,'PR-674Y',25000
139,7,'NPC-513L',44000
140,1,'TV-228K',126000
141,3,'DVDR-430N',34000
142,9,'DC-115L',13000
143,7,'NPC-837T',55000
144,7,'NPC-135M',80000
145,1,'TV-617I',37000
146,6,'DPC-155A',73000
147,7,'NPC-535X',108000
148,7,'NPC-056I',113000
149,10,'MP3-702W',8000
150,5,'RC-727E',17000
151,7,'NPC-530N',47000
152,3,'DVDR-546Z',126000
153,4,'COMPO-278I',104000
154,6,'DPC-274X',51000
155,9,'DC-212A',14000
156,1,'TV-614V',191000
157,7,'NPC-151C',134000
158,4,'COMPO-761X',73000
159,7,'NPC-530W',123000
160,2,'DVDP-514M',8000
161,10,'MP3-843N',15000
162,7,'NPC-800O',62000
163,9,'DC-745F',31000
164,3,'DVDR-006A',142000
165,7,'NPC-607S',95000
166,10,'MP3-710G',14000
167,4,'COMPO-378T',106000
168,3,'DVDR-302N',150000
169,7,'NPC-736U',142000
170,7,'NPC-648Q',101000
171,3,'DVDR-887V',140000
172,6,'DPC-151I',88000
173,6,'DPC-364C',77000
174,8,'PR-483I',13000
175,4,'COMPO-863A',89000
176,7,'NPC-027Y',89000
177,5,'RC-103M',29000
178,7,'NPC-121P',87000
179,3,'DVDR-155I',108000
180,6,'DPC-878B',36000
181,10,'MP3-408T',22000
182,3,'DVDR-113M',148000
183,1,'TV-620G',164000
184,3,'DVDR-568M',37000
185,8,'PR-634T',30000
186,2,'DVDP-154J',17000
187,6,'DPC-606C',147000
188,3,'DVDR-486B',50000
189,1,'TV-013O',269000
190,9,'DC-167F',17000
191,3,'DVDR-367Q',25000
192,5,'RC-328L',37000
193,9,'DC-853P',5000
194,3,'DVDR-567Z',24000
195,7,'NPC-142Y',96000
196,1,'TV-815Z',260000
197,10,'MP3-827B',21000
198,9,'DC-526D',5000
199,3,'DVDR-708W',126000
200,7,'NPC-867S',86000
201,2,'DVDP-174M',19000
202,7,'NPC-057P',123000
203,3,'DVDR-005H',94000
204,6,'DPC-385U',56000
205,10,'MP3-566U',11000
206,7,'NPC-220S',135000
207,7,'NPC-722A',71000
208,4,'COMPO-203K',40000
209,4,'COMPO-332X',91000
210,10,'MP3-173G',8000
211,8,'PR-260O',19000
212,10,'MP3-802V',13000
213,6,'DPC-446K',120000
214,5,'RC-801Q',29000
215,8,'PR-246M',25000
216,4,'COMPO-702U',47000
217,10,'MP3-224N',10000
218,7,'NPC-470J',92000
219,10,'MP3-134G',21000
220,3,'DVDR-458T',126000
221,1,'TV-650K',138000
222,10,'MP3-227Q',12000
223,1,'TV-736W',19000
224,10,'MP3-236E',9000
225,6,'DPC-674G',51000
226,4,'COMPO-126M',55000
227,7,'NPC-286V',127000
228,1,'TV-132R',98000
229,10,'MP3-684S',8000
230,3,'DVDR-330Y',32000
231,6,'DPC-620Q',128000
232,8,'PR-343U',5000
233,6,'DPC-644X',148000
234,7,'NPC-482F',121000
235,7,'NPC-660U',108000
236,7,'NPC-271R',62000
237,3,'DVDR-814A',99000
238,6,'DPC-838V',112000
239,4,'COMPO-570O',111000
240,7,'NPC-414L',112000
241,10,'MP3-634A',7000
242,9,'DC-057L',40000
243,7,'NPC-507I',88000
244,9,'DC-207Y',12000
245,3,'DVDR-765E',119000
246,1,'TV-333K',132000
247,8,'PR-840F',28000
248,4,'COMPO-138A',46000
249,9,'DC-843M',3000
250,5,'RC-868M',37000
251,9,'DC-145D',14000
252,1,'TV-872G',74000
253,5,'RC-041Z',14000
254,3,'DVDR-843M',28000
255,10,'MP3-521E',30000
256,3,'DVDR-823H',70000
257,8,'PR-176L',20000
258,8,'PR-012B',11000
259,6,'DPC-217T',74000
260,8,'PR-018W',12000
261,5,'RC-857D',27000
262,1,'TV-574L',70000
263,9,'DC-638N',11000
264,7,'NPC-272R',63000
265,3,'DVDR-806B',101000
266,5,'RC-881H',34000
267,4,'COMPO-281Z',48000
268,10,'MP3-673V',27000
269,3,'DVDR-156G',93000
270,6,'DPC-613D',133000
271,7,'NPC-821B',159000
272,9,'DC-677O',21000
273,3,'DVDR-775Q',89000
274,7,'NPC-018D',110000
275,3,'DVDR-874M',90000
276,8,'PR-341R',13000
277,4,'COMPO-544Z',35000
278,6,'DPC-040B',46000
279,1,'TV-686M',28000
280,9,'DC-605K',24000
281,7,'NPC-385Q',114000
282,4,'COMPO-501W',25000
283,1,'TV-344R',41000
284,7,'NPC-856F',117000
285,3,'DVDR-305C',140000
286,2,'DVDP-422W',13000
287,1,'TV-471W',298000
288,3,'DVDR-021O',70000
289,9,'DC-554T',38000
290,1,'TV-364C',51000
291,6,'DPC-252Y',138000
292,8,'PR-061X',25000
293,10,'MP3-153M',27000
294,8,'PR-233V',7000
295,3,'DVDR-030G',109000
296,10,'MP3-053A',6000
297,1,'TV-670B',263000
298,7,'NPC-372N',123000
299,6,'DPC-367W',130000
300,8,'PR-624Z',10000
301,1,'TV-678E',131000
302,6,'DPC-344N',110000
303,6,'DPC-047S',127000
304,8,'PR-168U',25000
305,6,'DPC-311H',60000
306,9,'DC-816G',8000
307,10,'MP3-725E',8000
308,10,'MP3-832X',6000
309,7,'NPC-304W',133000
310,10,'MP3-002N',11000
311,4,'COMPO-178M',33000
312,3,'DVDR-311I',147000
313,6,'DPC-541C',134000
314,8,'PR-764V',7000
315,3,'DVDR-588Y',149000
316,7,'NPC-734R',83000
317,7,'NPC-078G',80000
318,7,'NPC-506S',84000
319,4,'COMPO-018Y',16000
320,9,'DC-178B',32000
321,7,'NPC-740T',49000
322,2,'DVDP-462R',5000
323,7,'NPC-861C',68000
324,1,'TV-132P',64000
325,10,'MP3-477F',17000
326,7,'NPC-427U',112000
327,9,'DC-556H',34000
328,10,'MP3-088M',3000
329,9,'DC-128Z',4000
330,3,'DVDR-503S',64000
331,1,'TV-807E',182000
332,8,'PR-712Y',23000
333,1,'TV-001Q',59000
334,3,'DVDR-186C',122000
335,1,'TV-471O',39000
336,3,'DVDR-803X',21000
337,7,'NPC-745G',135000
338,3,'DVDR-815U',108000
339,9,'DC-633G',3000
340,4,'COMPO-746B',25000
341,9,'DC-786Q',5000
342,9,'DC-042S',19000
343,8,'PR-887G',27000
344,1,'TV-235E',70000
345,6,'DPC-476U',105000
346,10,'MP3-548H',17000
347,10,'MP3-664R',11000
348,3,'DVDR-027R',130000
349,1,'TV-636A',35000
350,7,'NPC-274G',64000
351,1,'TV-171H',251000
352,1,'TV-701N',187000
353,9,'DC-423D',14000
354,6,'DPC-747Y',44000
355,7,'NPC-518W',134000
356,4,'COMPO-252V',44000
357,10,'MP3-228S',25000
358,3,'DVDR-446C',55000
359,3,'DVDR-733U',119000
360,6,'DPC-423I',75000
361,4,'COMPO-760Y',17000
362,10,'MP3-286Y',4000
363,9,'DC-230U',6000
364,1,'TV-110O',176000
365,1,'TV-583B',109000
366,7,'NPC-763J',90000
367,6,'DPC-165I',110000
368,7,'NPC-521Z',140000
369,3,'DVDR-837O',56000
370,8,'PR-816S',20000
371,3,'DVDR-006T',145000
372,10,'MP3-373J',17000
373,3,'DVDR-424G',94000
374,1,'TV-462K',50000
375,7,'NPC-711T',57000
376,9,'DC-613Z',33000
377,1,'TV-206Q',287000
378,10,'MP3-725F',18000
379,5,'RC-145R',19000
380,7,'NPC-701B',143000
381,4,'COMPO-740S',25000
382,9,'DC-601K',21000
383,3,'DVDR-268N',88000
384,3,'DVDR-243I',128000
385,3,'DVDR-507N',74000
386,2,'DVDP-142J',27000
387,9,'DC-473Q',9000
388,4,'COMPO-375N',120000
389,10,'MP3-765R',20000
390,10,'MP3-071G',23000
391,1,'TV-600G',226000
392,1,'TV-534M',26000
393,1,'TV-334W',25000
394,1,'TV-718Y',288000
395,4,'COMPO-552G',113000
396,10,'MP3-028N',21000
397,1,'TV-202P',167000
398,10,'MP3-640C',28000
399,3,'DVDR-602O',19000
400,1,'TV-838I',289000
401,7,'NPC-325L',43000
402,6,'DPC-553C',47000
403,1,'TV-148L',274000
404,9,'DC-420Z',30000
405,1,'TV-043V',237000
406,10,'MP3-632J',14000
407,4,'COMPO-048K',112000
408,7,'NPC-254L',152000
409,4,'COMPO-333O',68000
410,9,'DC-756T',23000
411,7,'NPC-548A',57000
412,9,'DC-103I',17000
413,7,'NPC-011Y',54000
414,3,'DVDR-006H',16000
415,1,'TV-405N',250000
416,1,'TV-860C',140000
417,2,'DVDP-587P',25000
418,1,'TV-751U',213000
419,10,'MP3-744Y',21000
420,10,'MP3-200Y',17000
421,1,'TV-787H',109000
422,3,'DVDR-328Q',96000
423,6,'DPC-443M',87000
424,10,'MP3-442N',24000
425,6,'DPC-437B',108000
426,7,'NPC-452X',92000
427,10,'MP3-576W',17000
428,9,'DC-228S',15000
429,2,'DVDP-215A',30000
430,5,'RC-623A',19000
431,1,'TV-138I',115000
432,4,'COMPO-538U',118000
433,3,'DVDR-371M',65000
434,7,'NPC-226M',52000
435,5,'RC-235B',35000
436,9,'DC-055W',33000
437,1,'TV-847I',253000
438,7,'NPC-442I',160000
439,1,'TV-365H',274000
440,7,'NPC-330H',135000
441,6,'DPC-055J',52000
442,10,'MP3-412L',15000
443,7,'NPC-421B',154000
444,1,'TV-634L',256000
445,10,'MP3-007G',7000
446,9,'DC-734F',3000
447,10,'MP3-435L',10000
448,9,'DC-403M',10000
449,6,'DPC-451I',73000
450,10,'MP3-834J',6000
451,9,'DC-223D',24000
452,7,'NPC-751T',137000
453,6,'DPC-228J',132000
454,10,'MP3-567L',11000
455,1,'TV-641O',207000
456,7,'NPC-651J',102000
457,4,'COMPO-150E',116000
458,9,'DC-271U',21000
459,10,'MP3-233D',19000
460,7,'NPC-820Z',142000
461,4,'COMPO-843B',91000
462,5,'RC-536B',34000
463,8,'PR-802O',7000
464,8,'PR-236N',11000
465,1,'TV-660G',196000
466,10,'MP3-633I',11000
467,9,'DC-206W',38000
468,9,'DC-770F',39000
469,6,'DPC-584Y',49000
470,9,'DC-303E',8000
471,3,'DVDR-828X',25000
472,8,'PR-003B',22000
473,6,'DPC-761O',141000
474,1,'TV-588N',230000
475,7,'NPC-267V',82000
476,3,'DVDR-227F',134000
477,10,'MP3-274M',5000
478,6,'DPC-737R',122000
479,3,'DVDR-516E',29000
480,1,'TV-533Q',171000
481,9,'DC-838K',18000
482,9,'DC-765B',20000
483,7,'NPC-057U',94000
484,1,'TV-142Y',10000
485,1,'TV-035F',36000
486,9,'DC-177D',23000
487,7,'NPC-766U',112000
488,7,'NPC-128N',150000
489,1,'TV-008D',218000
490,7,'NPC-732E',50000
491,6,'DPC-161L',77000
492,7,'NPC-522R',86000
493,10,'MP3-165H',22000
494,4,'COMPO-747P',50000
495,6,'DPC-275F',67000
496,7,'NPC-130O',160000
497,9,'DC-844Z',39000
498,1,'TV-487L',28000
499,6,'DPC-072P',91000
500,6,'DPC-106D',111000
501,1,'TV-744S',207000
502,5,'RC-717D',6000
503,1,'TV-504T',263000
504,1,'TV-165F',274000
505,10,'MP3-557I',18000
506,10,'MP3-813O',18000
507,8,'PR-843I',8000
508,9,'DC-647Z',21000
509,2,'DVDP-826R',5000
510,8,'PR-376B',28000
511,2,'DVDP-745C',17000
512,9,'DC-520M',35000
513,9,'DC-613D',17000
514,10,'MP3-302N',15000
515,6,'DPC-161C',68000
516,10,'MP3-783M',10000
517,7,'NPC-607P',53000
518,7,'NPC-058F',123000
519,9,'DC-556W',39000
520,1,'TV-023M',110000
521,9,'DC-877C',3000
522,6,'DPC-713V',58000
523,6,'DPC-323G',71000
524,1,'TV-570R',106000
525,6,'DPC-810S',81000
526,9,'DC-527S',25000
527,7,'NPC-304F',129000
528,9,'DC-550I',35000
529,2,'DVDP-661Z',27000
530,7,'NPC-560L',147000
531,1,'TV-140G',223000
532,9,'DC-425Q',13000
533,1,'TV-500M',99000
534,5,'RC-463L',35000
535,5,'RC-713G',25000
536,4,'COMPO-633B',91000
537,3,'DVDR-412S',30000
538,5,'RC-065G',20000
539,1,'TV-041Q',174000
540,10,'MP3-206F',23000
541,3,'DVDR-133J',23000
542,3,'DVDR-122L',141000
543,1,'TV-228R',171000
544,10,'MP3-303C',5000
545,2,'DVDP-876D',17000
546,1,'TV-172A',92000
547,4,'COMPO-643J',130000
548,1,'TV-107X',164000
549,10,'MP3-038V',11000
550,9,'DC-334I',36000
551,9,'DC-211U',22000
552,9,'DC-527Q',28000
553,9,'DC-402O',5000
554,10,'MP3-570A',21000
555,1,'TV-627S',94000
556,2,'DVDP-711C',10000
557,6,'DPC-720R',72000
558,6,'DPC-728M',135000
559,10,'MP3-862U',8000
560,1,'TV-212Q',80000
561,6,'DPC-555I',135000
562,4,'COMPO-652X',85000
563,9,'DC-764F',12000
564,6,'DPC-421C',109000
565,4,'COMPO-224G',108000
566,10,'MP3-217T',15000
567,9,'DC-136X',15000
568,1,'TV-174I',168000
569,1,'TV-167U',122000
570,6,'DPC-112J',81000
571,8,'PR-733S',17000
572,10,'MP3-623P',28000
573,1,'TV-800G',10000
574,8,'PR-680T',25000
575,10,'MP3-101P',10000
576,9,'DC-144H',9000
577,9,'DC-844P',14000
578,7,'NPC-882C',149000
579,9,'DC-034X',10000
580,7,'NPC-883V',80000
581,3,'DVDR-787D',105000
582,9,'DC-058G',13000
583,6,'DPC-230O',113000
584,2,'DVDP-258H',18000
585,10,'MP3-552R',28000
586,9,'DC-233L',33000
587,5,'RC-282A',12000
588,3,'DVDR-086F',20000
589,10,'MP3-504W',29000
590,4,'COMPO-603U',39000
591,10,'MP3-472H',4000
592,7,'NPC-732U',122000
593,10,'MP3-288U',8000
594,1,'TV-475O',32000
595,9,'DC-580D',39000
596,6,'DPC-554V',76000
597,9,'DC-150O',40000
598,1,'TV-014K',134000
599,7,'NPC-618Q',41000
600,6,'DPC-545L',55000
601,8,'PR-075Z',7000
602,4,'COMPO-374V',60000
603,10,'MP3-358X',23000
604,3,'DVDR-126G',109000
605,7,'NPC-567C',81000
606,3,'DVDR-654N',87000
607,2,'DVDP-084Z',3000
608,10,'MP3-830M',17000
609,7,'NPC-354Q',61000
610,1,'TV-074N',238000
611,3,'DVDR-482L',38000
612,7,'NPC-758P',47000
613,7,'NPC-760S',70000
614,4,'COMPO-528O',43000
615,1,'TV-815B',83000
616,9,'DC-000S',22000
617,9,'DC-404K',17000
618,1,'TV-607E',292000
619,9,'DC-121I',9000
620,6,'DPC-350V',41000
621,6,'DPC-567P',49000
622,9,'DC-557I',11000
623,7,'NPC-220E',58000
624,3,'DVDR-505R',16000
625,1,'TV-353U',60000
626,4,'COMPO-366A',10000
627,3,'DVDR-610B',67000
628,6,'DPC-880P',68000
629,7,'NPC-342C',92000
630,10,'MP3-821C',17000
631,9,'DC-417S',10000
632,6,'DPC-581F',73000
633,5,'RC-504B',26000
634,7,'NPC-103W',140000
635,1,'TV-610H',65000
636,7,'NPC-286Z',126000
637,9,'DC-657D',5000
638,9,'DC-300A',17000
639,6,'DPC-078I',76000
640,9,'DC-053B',3000
641,9,'DC-121M',15000
642,5,'RC-046P',38000
643,3,'DVDR-364H',113000
644,3,'DVDR-417E',52000
645,6,'DPC-677F',42000
646,9,'DC-626H',11000
647,10,'MP3-443T',30000
648,8,'PR-726P',18000
649,9,'DC-173U',8000
650,1,'TV-265F',260000
651,6,'DPC-786W',87000
652,10,'MP3-076R',10000
653,1,'TV-446P',249000
654,9,'DC-455Y',4000
655,7,'NPC-437I',117000
656,9,'DC-368L',32000
657,10,'MP3-336S',13000
658,1,'TV-054L',117000
659,6,'DPC-237W',64000
660,6,'DPC-275Z',88000
661,8,'PR-216G',12000
662,10,'MP3-063U',20000
663,1,'TV-052N',111000
664,4,'COMPO-532D',118000
665,6,'DPC-123O',55000
666,1,'TV-188T',287000
667,3,'DVDR-637R',29000
668,4,'COMPO-135S',111000
669,8,'PR-150T',15000
670,6,'DPC-458T',86000
671,7,'NPC-132U',109000
672,3,'DVDR-267F',149000
673,10,'MP3-053O',12000
674,9,'DC-001L',27000
675,2,'DVDP-388F',14000
676,9,'DC-288N',5000
677,10,'MP3-607C',11000
678,8,'PR-603B',23000
679,5,'RC-704C',14000
680,10,'MP3-276T',11000
681,7,'NPC-014R',47000
682,3,'DVDR-831G',110000
683,7,'NPC-840B',77000
684,10,'MP3-712C',20000
685,7,'NPC-087J',110000
686,7,'NPC-476Y',76000
687,6,'DPC-151W',90000
688,3,'DVDR-428K',29000
689,1,'TV-873O',146000
690,9,'DC-227G',30000
691,8,'PR-000I',9000
692,2,'DVDP-508G',15000
693,6,'DPC-658W',61000
694,1,'TV-253P',59000
695,4,'COMPO-253G',40000
696,6,'DPC-638V',121000
697,3,'DVDR-160B',137000
698,6,'DPC-076H',88000
699,9,'DC-170L',36000
700,9,'DC-404J',11000
701,6,'DPC-748L',32000
702,3,'DVDR-428L',94000
703,9,'DC-421J',6000
704,10,'MP3-236O',5000
705,3,'DVDR-775T',126000
706,2,'DVDP-351A',5000
707,10,'MP3-045O',24000
708,7,'NPC-552X',70000
709,7,'NPC-585M',56000
710,7,'NPC-477H',100000
711,8,'PR-722K',25000
712,6,'DPC-541X',128000
713,9,'DC-423R',24000
714,3,'DVDR-842A',101000
715,9,'DC-007V',18000
716,6,'DPC-585Z',142000
717,1,'TV-331K',171000
718,9,'DC-441A',24000
719,9,'DC-134Z',12000
720,7,'NPC-708T',132000
721,3,'DVDR-213Z',68000
722,9,'DC-017D',37000
723,1,'TV-268S',245000
724,2,'DVDP-661O',17000
725,9,'DC-147M',18000
726,4,'COMPO-550K',99000
727,9,'DC-625J',36000
728,8,'PR-415E',16000
729,3,'DVDR-542J',91000
730,5,'RC-876B',8000
731,4,'COMPO-488T',54000
732,7,'NPC-085I',69000
733,5,'RC-702V',7000
734,9,'DC-431E',18000
735,1,'TV-525C',174000
736,10,'MP3-504F',5000
737,5,'RC-136A',26000
738,9,'DC-771R',35000
739,7,'NPC-484V',51000
740,9,'DC-347S',22000
741,8,'PR-877J',30000
742,7,'NPC-553T',90000
743,1,'TV-177E',35000
744,1,'TV-356G',85000
745,1,'TV-113I',20000
746,10,'MP3-626R',16000
747,9,'DC-141J',28000
748,3,'DVDR-624A',32000
749,1,'TV-044M',140000
750,9,'DC-011K',40000
751,1,'TV-641M',113000
752,7,'NPC-017F',44000
753,9,'DC-032E',7000
754,9,'DC-365X',35000
755,3,'DVDR-836M',35000
756,10,'MP3-068K',28000
757,7,'NPC-058C',66000
758,10,'MP3-420Z',19000
759,4,'COMPO-826Z',25000
760,7,'NPC-275W',43000
761,6,'DPC-175K',38000
762,1,'TV-747I',253000
763,10,'MP3-510I',13000
764,10,'MP3-056O',4000
765,8,'PR-015V',18000
766,6,'DPC-757I',40000
767,3,'DVDR-667F',136000
768,1,'TV-180K',235000
769,7,'NPC-638K',53000
770,9,'DC-438M',22000
771,3,'DVDR-403M',20000
772,4,'COMPO-176X',110000
773,8,'PR-565B',26000
774,3,'DVDR-483H',32000
775,10,'MP3-062D',8000
776,7,'NPC-784G',53000
777,6,'DPC-726G',121000
778,9,'DC-124T',33000
779,6,'DPC-012J',93000
780,1,'TV-558F',28000
781,1,'TV-318T',64000
782,1,'TV-200W',245000
783,10,'MP3-132E',24000
784,9,'DC-766G',22000
785,10,'MP3-518P',13000
786,1,'TV-381X',175000
787,2,'DVDP-742L',17000
788,6,'DPC-321I',53000
789,9,'DC-120B',15000
790,2,'DVDP-606Q',16000
791,7,'NPC-483C',140000
792,9,'DC-046P',14000
793,9,'DC-721J',30000
794,10,'MP3-064B',14000
795,8,'PR-658W',18000
796,9,'DC-536P',33000
797,7,'NPC-463D',126000
798,6,'DPC-316T',136000
799,8,'PR-506D',26000
800,10,'MP3-868T',9000
801,8,'PR-716I',15000
802,1,'TV-278I',174000
803,6,'DPC-014L',92000
804,8,'PR-308X',11000
805,1,'TV-338A',110000
806,6,'DPC-706D',31000
807,9,'DC-211P',10000
808,3,'DVDR-328N',127000
809,1,'TV-385S',165000
810,7,'NPC-545D',103000
811,5,'RC-208L',18000
812,10,'MP3-652H',25000
813,1,'TV-101T',209000
814,3,'DVDR-585K',47000
815,6,'DPC-260A',107000
816,7,'NPC-828O',82000
817,9,'DC-840Q',4000
818,8,'PR-887B',15000
819,3,'DVDR-007T',54000
820,3,'DVDR-688E',79000
821,10,'MP3-728Y',26000
822,1,'TV-713V',117000
823,3,'DVDR-733I',126000
824,9,'DC-766S',6000
825,9,'DC-050U',23000
826,6,'DPC-016N',74000
827,10,'MP3-376P',16000
828,3,'DVDR-401X',77000
829,9,'DC-240U',19000
830,7,'NPC-556W',151000
831,1,'TV-783R',270000
832,7,'NPC-006D',66000
833,9,'DC-583R',31000
834,6,'DPC-542R',33000
835,6,'DPC-503D',32000
836,8,'PR-437X',13000
837,9,'DC-624B',31000
838,1,'TV-773J',287000
839,7,'NPC-612M',109000
840,7,'NPC-768J',99000
841,7,'NPC-207A',88000
842,1,'TV-138Q',94000
843,3,'DVDR-107K',122000
844,10,'MP3-235Z',4000
845,7,'NPC-873P',144000
846,3,'DVDR-132C',77000
847,10,'MP3-804E',16000
848,10,'MP3-336D',18000
849,8,'PR-267O',27000
850,4,'COMPO-572J',57000
851,9,'DC-281O',17000
852,8,'PR-648C',26000
853,8,'PR-833N',9000
854,7,'NPC-618B',62000
855,9,'DC-825H',24000
856,1,'TV-085D',182000
857,3,'DVDR-436Y',51000
858,8,'PR-744A',17000
859,3,'DVDR-540D',105000
860,1,'TV-826L',89000
861,1,'TV-822N',51000
862,6,'DPC-207E',74000
863,4,'COMPO-650M',96000
864,6,'DPC-802E',63000
865,7,'NPC-000L',148000
866,6,'DPC-410V',145000
867,10,'MP3-744X',12000
868,10,'MP3-345T',17000
869,1,'TV-157L',277000
870,3,'DVDR-427O',68000
871,4,'COMPO-167H',10000
872,3,'DVDR-175S',30000
873,1,'TV-286L',20000
874,1,'TV-222A',20000
875,4,'COMPO-756Z',93000
876,10,'MP3-371Z',29000
877,3,'DVDR-805V',51000
878,9,'DC-066H',25000
879,4,'COMPO-060X',112000
880,10,'MP3-110T',18000
881,10,'MP3-807T',9000
882,7,'NPC-462O',68000
883,8,'PR-747U',13000
884,7,'NPC-560F',105000
885,1,'TV-002X',84000
886,7,'NPC-256E',41000
887,9,'DC-056U',12000
888,10,'MP3-774S',18000
889,9,'DC-743G',35000
890,3,'DVDR-664Y',44000
891,7,'NPC-507Q',41000
892,8,'PR-484P',18000
893,8,'PR-375C',24000
894,9,'DC-774X',25000
895,7,'NPC-560O',63000
896,1,'TV-025X',154000
897,4,'COMPO-733W',32000
898,9,'DC-801J',19000
899,1,'TV-412X',69000
900,7,'NPC-353F',118000
901,3,'DVDR-624K',60000
902,7,'NPC-157X',134000
903,1,'TV-816N',223000
904,1,'TV-337O',177000
905,1,'TV-844D',276000
906,6,'DPC-457Q',47000
907,3,'DVDR-170G',69000
908,7,'NPC-546X',154000
909,7,'NPC-315C',141000
910,6,'DPC-386X',136000
911,10,'MP3-560G',23000
912,10,'MP3-213R',11000
913,6,'DPC-837H',57000
914,6,'DPC-814F',122000
915,9,'DC-738R',30000
916,8,'PR-788Q',15000
917,6,'DPC-714U',134000
918,1,'TV-010N',42000
919,3,'DVDR-402V',116000
920,4,'COMPO-457L',67000
921,1,'TV-682C',210000
922,6,'DPC-608E',45000
923,3,'DVDR-477S',117000
924,9,'DC-886B',25000
925,10,'MP3-242S',25000
926,8,'PR-538G',23000
927,5,'RC-482Q',40000
928,1,'TV-574Z',183000
929,9,'DC-512U',20000
930,7,'NPC-560T',93000
931,1,'TV-704A',11000
932,9,'DC-868K',28000
933,9,'DC-778I',35000
934,1,'TV-720V',20000
935,7,'NPC-231J',92000
936,9,'DC-541K',5000
937,6,'DPC-314Q',64000
938,9,'DC-125Y',7000
939,10,'MP3-028O',18000
940,7,'NPC-323S',110000
941,7,'NPC-713F',114000
942,7,'NPC-818T',153000
943,9,'DC-751V',7000
944,4,'COMPO-524V',115000
945,10,'MP3-670E',14000
946,7,'NPC-016I',141000
947,7,'NPC-166S',144000
948,10,'MP3-343N',15000
949,2,'DVDP-548A',5000
950,7,'NPC-065A',121000
951,6,'DPC-877Y',40000
952,7,'NPC-637V',75000
953,3,'DVDR-472E',84000
954,3,'DVDR-726Y',98000
955,10,'MP3-418F',14000
956,1,'TV-754S',217000
957,7,'NPC-608Z',140000
958,3,'DVDR-218K',140000
959,10,'MP3-143N',30000
960,4,'COMPO-067M',97000
961,4,'COMPO-273B',24000
962,4,'COMPO-467R',109000
963,10,'MP3-265Y',27000
964,10,'MP3-746V',13000
965,6,'DPC-284N',78000
966,3,'DVDR-244H',147000
967,10,'MP3-787X',27000
968,10,'MP3-810T',28000
969,5,'RC-685O',8000
970,6,'DPC-024V',140000
971,3,'DVDR-060S',106000
972,7,'NPC-301V',113000
973,6,'DPC-133I',46000
974,1,'TV-121G',154000
975,7,'NPC-488A',57000
976,7,'NPC-570I',60000
977,9,'DC-246D',5000
978,7,'NPC-773H',94000
979,10,'MP3-813G',10000
980,3,'DVDR-331T',105000
981,9,'DC-253W',35000
982,10,'MP3-023D',29000
983,7,'NPC-884T',70000
984,4,'COMPO-546H',60000
985,4,'COMPO-723K',101000
986,5,'RC-285N',35000
987,10,'MP3-381S',8000
988,1,'TV-312J',119000
989,7,'NPC-566L',89000
990,9,'DC-761L',26000
991,6,'DPC-281P',36000
992,10,'MP3-050L',8000
993,1,'TV-803V',109000
994,6,'DPC-832R',56000
995,6,'DPC-101Y',53000
996,4,'COMPO-788L',53000
997,1,'TV-332H',251000
998,10,'MP3-664Y',30000
999,2,'DVDP-228G',29000
1000,10,'MP3-006T',16000
1001,1,'TV-750K',298000
1002,3,'DVDR-684R',135000
1003,9,'DC-584G',8000
1004,6,'DPC-483S',57000
1005,3,'DVDR-753A',127000
1006,9,'DC-383S',20000
1007,7,'NPC-277V',156000
1008,6,'DPC-451F',76000
1009,7,'NPC-522E',56000
1010,7,'NPC-642F',72000
1011,6,'DPC-360Y',140000
1012,9,'DC-436X',23000
1013,10,'MP3-223H',16000
1014,7,'NPC-221H',47000
1015,8,'PR-806Y',30000
1016,10,'MP3-508L',8000
1017,2,'DVDP-787X',18000
1018,1,'TV-058C',257000
1019,6,'DPC-305O',101000
1020,1,'TV-465G',18000
1021,1,'TV-065O',282000
1022,10,'MP3-212Y',10000
1023,1,'TV-046G',186000
1024,4,'COMPO-721Y',101000
1025,9,'DC-314P',19000
1026,8,'PR-628X',28000
1027,5,'RC-310I',25000
1028,7,'NPC-638A',156000
1029,10,'MP3-010O',12000
1030,5,'RC-606X',30000
1031,10,'MP3-162S',21000
1032,4,'COMPO-256Q',113000
1033,8,'PR-275E',17000
1034,10,'MP3-177U',13000
1035,1,'TV-351T',126000
1036,7,'NPC-286X',125000
1037,3,'DVDR-024B',119000
1038,1,'TV-831E',274000
1039,7,'NPC-110W',78000
1040,7,'NPC-684V',133000
1041,9,'DC-610P',4000
1042,10,'MP3-020Y',10000
1043,9,'DC-578I',25000
1044,6,'DPC-685I',120000
1045,8,'PR-858P',16000
1046,8,'PR-747U',18000
1047,4,'COMPO-632K',57000
1048,9,'DC-565Y',39000
1049,4,'COMPO-856S',31000
1050,7,'NPC-647L',96000
1051,10,'MP3-507U',18000
1052,1,'TV-647T',189000
1053,3,'DVDR-516X',67000
1054,9,'DC-473K',23000
1055,9,'DC-688V',32000
1056,3,'DVDR-571I',100000
1057,9,'DC-118Y',21000
1058,10,'MP3-358G',20000
1059,8,'PR-403A',21000
1060,7,'NPC-222J',107000
1061,9,'DC-765U',30000
1062,4,'COMPO-434M',27000
1063,9,'DC-688L',6000
1064,8,'PR-770P',22000
1065,5,'RC-506U',35000
1066,10,'MP3-205M',25000
1067,9,'DC-148G',16000
1068,5,'RC-515D',34000
1069,3,'DVDR-177P',25000
1070,10,'MP3-802J',12000
1071,3,'DVDR-078S',69000
1072,8,'PR-251P',14000
1073,10,'MP3-426H',7000
1074,9,'DC-416Q',36000
1075,1,'TV-538Y',52000
1076,3,'DVDR-133U',126000
1077,1,'TV-602N',254000
1078,6,'DPC-247V',125000
1079,7,'NPC-484N',75000
1080,9,'DC-553O',7000
1081,6,'DPC-057H',134000
1082,1,'TV-368K',174000
1083,10,'MP3-167H',27000
1084,9,'DC-735S',33000
1085,4,'COMPO-586G',48000
1086,9,'DC-826G',27000
1087,9,'DC-812S',20000
1088,2,'DVDP-531J',23000
1089,10,'MP3-514N',22000
1090,10,'MP3-601H',30000
1091,7,'NPC-172F',79000
1092,7,'NPC-658N',90000
1093,6,'DPC-411S',133000
1094,6,'DPC-862O',72000
1095,1,'TV-381S',251000
1096,9,'DC-534Z',26000
1097,9,'DC-545I',31000
1098,1,'TV-410I',298000
1099,4,'COMPO-031W',41000
1100,7,'NPC-137J',143000
1101,6,'DPC-028V',82000
1102,1,'TV-107E',68000
1103,3,'DVDR-705W',83000
1104,10,'MP3-341E',23000
1105,10,'MP3-612N',28000
1106,9,'DC-028U',5000
1107,3,'DVDR-161F',56000
1108,9,'DC-348K',12000
1109,8,'PR-762K',15000
1110,9,'DC-005L',13000
1111,9,'DC-103P',37000
1112,8,'PR-324E',9000
1113,4,'COMPO-715E',44000
1114,7,'NPC-165K',157000
1115,7,'NPC-022J',157000
1116,10,'MP3-056M',25000
1117,7,'NPC-272C',64000
1118,10,'MP3-186R',19000
1119,7,'NPC-785T',42000
1120,5,'RC-354P',40000
1121,10,'MP3-876X',13000
1122,2,'DVDP-343I',14000
1123,6,'DPC-214S',101000
1124,1,'TV-476E',256000
1125,6,'DPC-226W',88000
1126,5,'RC-553M',23000
1127,8,'PR-302Z',17000
1128,7,'NPC-220D',131000
1129,6,'DPC-637R',89000
1130,10,'MP3-208J',4000
1131,1,'TV-707I',126000
1132,1,'TV-418H',264000
1133,5,'RC-167K',20000
1134,4,'COMPO-585G',14000
1135,1,'TV-327T',170000
1136,8,'PR-240N',27000
1137,10,'MP3-411S',26000
1138,3,'DVDR-457P',25000
1139,10,'MP3-885F',20000
1140,1,'TV-623M',85000
1141,7,'NPC-121S',138000
1142,9,'DC-403O',30000
1143,9,'DC-820X',23000
1144,9,'DC-007B',31000
1145,9,'DC-443W',15000
1146,10,'MP3-533D',14000
1147,8,'PR-168Y',22000
1148,8,'PR-480N',20000
1149,10,'MP3-065R',28000
1150,8,'PR-651C',22000
1151,1,'TV-115D',129000
1152,9,'DC-242S',25000
1153,6,'DPC-038A',76000
1154,3,'DVDR-772F',81000
1155,1,'TV-276T',130000
1156,10,'MP3-667V',5000
1157,7,'NPC-057Y',120000
1158,10,'MP3-744T',14000
1159,6,'DPC-528B',101000
1160,10,'MP3-703P',13000
1161,8,'PR-624O',27000
1162,8,'PR-171G',27000
1163,10,'MP3-261L',25000
1164,9,'DC-367A',10000
1165,9,'DC-326N',3000
1166,6,'DPC-640M',150000
1167,7,'NPC-866H',141000
1168,1,'TV-813Z',164000
1169,1,'TV-872R',151000
1170,1,'TV-554T',291000
1171,3,'DVDR-760T',133000
1172,9,'DC-167T',11000
1173,8,'PR-510Z',5000
1174,9,'DC-250H',34000
1175,9,'DC-600F',24000
1176,8,'PR-304C',8000
1177,9,'DC-230Y',7000
1178,3,'DVDR-212J',23000
1179,3,'DVDR-607C',36000
1180,7,'NPC-616D',124000
1181,3,'DVDR-871K',17000
1182,3,'DVDR-463O',66000
1183,9,'DC-663F',9000
1184,1,'TV-405H',246000
1185,9,'DC-145B',5000
1186,1,'TV-285A',56000
1187,9,'DC-538S',9000
1188,4,'COMPO-782F',68000
1189,3,'DVDR-861B',38000
1190,4,'COMPO-838T',100000
1191,6,'DPC-822S',111000
1192,4,'COMPO-300D',64000
1193,7,'NPC-385J',130000
1194,9,'DC-221V',5000
1195,6,'DPC-176Q',142000
1196,7,'NPC-234X',107000
1197,3,'DVDR-653L',131000
1198,7,'NPC-023F',62000
1199,7,'NPC-478U',98000
1200,1,'TV-503Z',84000
1201,9,'DC-472K',27000
1202,9,'DC-135M',4000
1203,4,'COMPO-323S',44000
1204,7,'NPC-826X',47000
1205,1,'TV-208P',268000
1206,1,'TV-013X',22000
1207,10,'MP3-000T',13000
1208,9,'DC-201P',32000
1209,5,'RC-646G',27000
1210,1,'TV-158B',79000
1211,7,'NPC-325D',65000
1212,6,'DPC-823T',94000
1213,9,'DC-248A',20000
1214,6,'DPC-507P',98000
1215,9,'DC-077Z',30000
1216,9,'DC-451H',9000
1217,9,'DC-314N',40000
1218,7,'NPC-760V',79000
1219,6,'DPC-660V',128000
1220,3,'DVDR-582K',130000
1221,6,'DPC-774I',110000
1222,4,'COMPO-631P',33000
1223,9,'DC-514C',13000
1224,7,'NPC-838G',100000
1225,10,'MP3-883B',24000
1226,1,'TV-186Z',299000
1227,7,'NPC-473V',120000
1228,10,'MP3-332L',15000
1229,9,'DC-720L',14000
1230,10,'MP3-386M',24000
1231,9,'DC-045T',19000
1232,7,'NPC-807T',150000
1233,9,'DC-432R',4000
1234,8,'PR-185I',15000
1235,3,'DVDR-484E',116000
1236,7,'NPC-863K',88000
1237,4,'COMPO-605D',80000
1238,1,'TV-777L',152000
1239,4,'COMPO-427R',92000
1240,10,'MP3-684B',12000
1241,6,'DPC-312R',68000
1242,3,'DVDR-403G',117000
1243,1,'TV-358A',17000
1244,1,'TV-402C',113000
1245,7,'NPC-375U',66000
1246,8,'PR-131N',21000
1247,4,'COMPO-537J',61000
1248,4,'COMPO-542P',29000
1249,6,'DPC-082F',30000
1250,9,'DC-560J',13000
1251,3,'DVDR-510P',97000
1252,7,'NPC-505G',119000
1253,3,'DVDR-747E',30000
1254,9,'DC-172L',25000
1255,9,'DC-517R',9000
1256,7,'NPC-040I',102000
1257,9,'DC-628E',26000
1258,10,'MP3-528X',12000
1259,7,'NPC-037Y',147000
1260,10,'MP3-836D',18000
1261,7,'NPC-305Q',116000
1262,9,'DC-303S',11000
1263,9,'DC-582G',36000
1264,6,'DPC-473V',140000
1265,1,'TV-321F',231000
1266,10,'MP3-261Y',29000
1267,10,'MP3-110E',3000
1268,9,'DC-017V',35000
1269,3,'DVDR-235W',122000
1270,6,'DPC-440Q',38000
1271,9,'DC-543V',7000
1272,10,'MP3-027J',30000
1273,6,'DPC-085M',62000
1274,10,'MP3-001X',30000
1275,2,'DVDP-743V',5000
1276,1,'TV-824J',73000
1277,3,'DVDR-200D',80000
1278,10,'MP3-781Z',15000
1279,4,'COMPO-538J',126000
1280,4,'COMPO-535E',112000
1281,4,'COMPO-572U',102000
1282,1,'TV-480W',190000
1283,8,'PR-514M',28000
1284,7,'NPC-564Y',128000
1285,9,'DC-706I',40000
1286,10,'MP3-728K',15000
1287,10,'MP3-526Q',19000
1288,10,'MP3-362J',8000
1289,10,'MP3-160Z',11000
1290,8,'PR-781F',21000
1291,7,'NPC-668K',155000
1292,10,'MP3-470V',26000
1293,9,'DC-247U',22000
1294,9,'DC-212A',8000
1295,10,'MP3-883U',6000
1296,4,'COMPO-707O',81000
1297,1,'TV-161M',194000
1298,10,'MP3-483U',15000
1299,9,'DC-356O',26000
1300,9,'DC-737T',24000
1301,5,'RC-860S',15000
1302,3,'DVDR-832G',19000
1303,9,'DC-050T',16000
1304,6,'DPC-253C',110000
1305,6,'DPC-131O',82000
1306,8,'PR-710K',11000
1307,1,'TV-223Z',93000
1308,1,'TV-321W',266000
1309,6,'DPC-000X',141000
1310,3,'DVDR-613U',122000
1311,3,'DVDR-524D',63000
1312,9,'DC-770N',33000
1313,9,'DC-733B',13000
1314,1,'TV-283J',236000
1315,9,'DC-512M',4000
1316,9,'DC-762C',10000
1317,1,'TV-207W',295000
1318,9,'DC-684U',25000
1319,10,'MP3-102Z',4000
1320,1,'TV-780Z',180000
1321,7,'NPC-122N',60000
1322,6,'DPC-354W',33000
1323,9,'DC-328T',4000
1324,8,'PR-861R',8000
1325,9,'DC-444J',24000
1326,9,'DC-882L',18000
1327,1,'TV-163S',59000
1328,2,'DVDP-152V',11000
1329,1,'TV-788M',181000
1330,10,'MP3-267P',29000
1331,4,'COMPO-388X',59000
1332,2,'DVDP-671M',10000
1333,7,'NPC-038R',55000
1334,10,'MP3-445U',30000
1335,1,'TV-324B',129000
1336,9,'DC-081G',40000
1337,8,'PR-822Y',16000
1338,4,'COMPO-180E',54000
1339,10,'MP3-375O',3000
1340,9,'DC-467M',23000
1341,7,'NPC-143F',141000
1342,4,'COMPO-175P',110000
1343,7,'NPC-336C',108000
1344,6,'DPC-204Q',133000
1345,7,'NPC-631Y',87000
1346,9,'DC-201V',31000
1347,10,'MP3-126N',4000
1348,4,'COMPO-024O',116000
1349,3,'DVDR-636G',123000
1350,10,'MP3-304P',14000
1351,3,'DVDR-037D',41000
1352,9,'DC-111B',36000
1353,10,'MP3-571R',30000
1354,10,'MP3-006J',8000
1355,4,'COMPO-400N',92000
1356,5,'RC-328Y',40000
1357,6,'DPC-413L',89000
1358,1,'TV-176L',115000
1359,10,'MP3-517Z',6000
1360,9,'DC-744S',18000
1361,3,'DVDR-180I',94000
1362,7,'NPC-231P',125000
1363,6,'DPC-023Q',77000
1364,1,'TV-037K',17000
1365,10,'MP3-247U',25000
1366,9,'DC-535X',4000
1367,10,'MP3-260S',9000
1368,1,'TV-507Y',76000
1369,9,'DC-484A',21000
1370,5,'RC-848A',18000
1371,1,'TV-266I',220000
1372,9,'DC-386A',34000
1373,10,'MP3-827M',27000
1374,2,'DVDP-386C',10000
1375,3,'DVDR-021Q',135000
1376,6,'DPC-422F',135000
1377,7,'NPC-416L',53000
1378,8,'PR-270Z',13000
1379,6,'DPC-684Y',144000
1380,3,'DVDR-861C',65000
1381,9,'DC-067E',29000
1382,2,'DVDP-585Y',4000
1383,5,'RC-712Q',14000
1384,4,'COMPO-465H',89000
1385,9,'DC-484M',16000
1386,9,'DC-615Y',18000
1387,2,'DVDP-030M',19000
1388,8,'PR-012L',15000
1389,7,'NPC-804X',70000
1390,6,'DPC-141Y',91000
1391,6,'DPC-861B',43000
1392,8,'PR-685Q',10000
1393,1,'TV-507P',151000
1394,1,'TV-866X',68000
1395,8,'PR-754R',10000
1396,1,'TV-754Y',272000
1397,5,'RC-056B',21000
1398,6,'DPC-737W',34000
1399,4,'COMPO-000A',71000
1400,10,'MP3-332R',22000
1401,9,'DC-550D',10000
1402,8,'PR-078Y',28000
1403,9,'DC-308E',19000
1404,10,'MP3-664R',9000
1405,1,'TV-730B',25000
1406,1,'TV-633M',297000
1407,10,'MP3-041R',27000
1408,7,'NPC-261K',120000
1409,10,'MP3-777Y',13000
1410,9,'DC-858R',29000
1411,3,'DVDR-236U',80000
1412,9,'DC-263V',6000
1413,10,'MP3-457G',13000
1414,8,'PR-865P',11000
1415,9,'DC-437N',39000
1416,1,'TV-303F',279000
1417,9,'DC-742K',28000
1418,7,'NPC-670Y',51000
1419,9,'DC-086K',6000
1420,5,'RC-777Q',33000
1421,2,'DVDP-884L',4000
1422,1,'TV-200G',202000
1423,1,'TV-271H',135000
1424,9,'DC-113B',39000
1425,1,'TV-501N',68000
1426,8,'PR-660L',14000
1427,10,'MP3-320V',21000
1428,4,'COMPO-443O',63000
1429,9,'DC-505S',22000
1430,1,'TV-138W',157000
1431,8,'PR-625L',10000
1432,3,'DVDR-735O',49000
1433,7,'NPC-740Z',72000
1434,9,'DC-740O',27000
1435,7,'NPC-034I',86000
1436,9,'DC-420T',38000
1437,7,'NPC-755U',160000
1438,3,'DVDR-347U',125000
1439,4,'COMPO-313B',40000
1440,6,'DPC-333P',141000
1441,9,'DC-530J',36000
1442,9,'DC-417S',39000
1443,5,'RC-174M',35000
1444,2,'DVDP-516W',3000
1445,9,'DC-237Q',5000
1446,1,'TV-686C',239000
1447,9,'DC-302D',13000
1448,4,'COMPO-455R',80000
1449,2,'DVDP-255G',27000
1450,9,'DC-428Y',19000
1451,9,'DC-518P',4000
1452,10,'MP3-577X',5000
1453,10,'MP3-003T',29000
1454,3,'DVDR-105C',88000
1455,1,'TV-458J',19000
1456,9,'DC-715C',40000
1457,9,'DC-123D',27000
1458,4,'COMPO-444U',14000
1459,3,'DVDR-674H',100000
1460,9,'DC-430K',37000
1461,1,'TV-733D',119000
1462,2,'DVDP-174K',22000
1463,9,'DC-564I',20000
1464,1,'TV-800B',163000
1465,1,'TV-851K',226000
1466,1,'TV-880F',153000
1467,3,'DVDR-588J',145000
1468,3,'DVDR-087T',73000
1469,10,'MP3-650O',8000
1470,9,'DC-725O',31000
1471,10,'MP3-888A',26000
1472,1,'TV-776X',207000
1473,4,'COMPO-718D',68000
1474,3,'DVDR-315U',114000
1475,10,'MP3-515F',18000
1476,8,'PR-237M',7000
1477,10,'MP3-055E',10000
1478,2,'DVDP-073Y',7000
1479,7,'NPC-055F',138000
1480,1,'TV-556N',186000
1481,9,'DC-226U',38000
1482,1,'TV-553N',106000
1483,6,'DPC-868B',144000
1484,8,'PR-348S',21000
1485,8,'PR-257O',15000
1486,4,'COMPO-768N',119000
1487,6,'DPC-000J',91000
1488,3,'DVDR-118C',45000
1489,8,'PR-277U',12000
1490,1,'TV-352G',172000
1491,9,'DC-280P',36000
1492,4,'COMPO-636A',83000
1493,10,'MP3-605G',21000
1494,1,'TV-487W',197000
1495,10,'MP3-165W',12000
1496,1,'TV-055U',237000
1497,4,'COMPO-652J',61000
1498,5,'RC-326M',9000
1499,3,'DVDR-657R',23000
1500,1,'TV-067X',64000
1501,10,'MP3-610O',20000
1502,3,'DVDR-842X',138000
1503,10,'MP3-611T',19000
1504,9,'DC-021W',36000
1505,3,'DVDR-381V',145000
1506,3,'DVDR-418U',45000
1507,7,'NPC-834I',103000
1508,9,'DC-041D',12000
1509,7,'NPC-265D',80000
1510,9,'DC-281N',19000
1511,9,'DC-261M',22000
1512,9,'DC-306O',9000
1513,5,'RC-410L',7000
1514,8,'PR-387A',25000
1515,7,'NPC-144X',157000
1516,3,'DVDR-187Y',73000
1517,9,'DC-231L',14000
1518,7,'NPC-742F',89000
1519,4,'COMPO-077S',119000
1520,2,'DVDP-822T',3000
1521,10,'MP3-268I',30000
1522,2,'DVDP-251E',19000
1523,4,'COMPO-785I',130000
1524,8,'PR-115C',30000
1525,2,'DVDP-584R',7000
1526,2,'DVDP-273L',30000
1527,3,'DVDR-512M',25000
1528,4,'COMPO-505K',105000
1529,10,'MP3-714N',18000
1530,1,'TV-015T',85000
1531,7,'NPC-382M',106000
1532,10,'MP3-087H',27000
1533,10,'MP3-172F',18000
1534,3,'DVDR-071F',55000
1535,6,'DPC-082A',59000
1536,8,'PR-653I',9000
1537,7,'NPC-302W',92000
1538,9,'DC-710V',17000
1539,3,'DVDR-573E',48000
1540,3,'DVDR-816N',25000
1541,7,'NPC-630Y',95000
1542,10,'MP3-018C',5000
1543,10,'MP3-111B',6000
1544,6,'DPC-648L',118000
1545,9,'DC-276Q',27000
1546,10,'MP3-873E',7000
1547,8,'PR-385L',21000
1548,7,'NPC-401L',138000
1549,3,'DVDR-046C',78000
1550,9,'DC-465F',4000
1551,3,'DVDR-071N',32000
1552,7,'NPC-650G',136000
1553,3,'DVDR-522V',104000
1554,7,'NPC-354J',91000
1555,10,'MP3-031T',13000
1556,8,'PR-135C',15000
1557,1,'TV-105T',262000
1558,10,'MP3-538B',18000
1559,9,'DC-460W',30000
1560,9,'DC-763J',11000
1561,10,'MP3-203G',14000
1562,7,'NPC-170X',112000
1563,3,'DVDR-043Z',81000
1564,7,'NPC-582S',85000
1565,8,'PR-605X',24000
1566,5,'RC-888P',14000
1567,6,'DPC-266Z',52000
1568,3,'DVDR-806A',84000
1569,9,'DC-125B',36000
1570,1,'TV-107K',70000
1571,7,'NPC-632G',135000
1572,8,'PR-421B',8000
1573,8,'PR-220S',13000
1574,9,'DC-418K',3000
1575,4,'COMPO-002P',124000
1576,10,'MP3-467A',25000
1577,9,'DC-761S',17000
1578,9,'DC-081L',8000
1579,9,'DC-343O',16000
1580,1,'TV-122I',143000
1581,9,'DC-632M',29000
1582,10,'MP3-736I',5000
1583,10,'MP3-475U',18000
1584,8,'PR-351T',28000
1585,5,'RC-671W',11000
1586,1,'TV-278B',188000
1587,10,'MP3-382R',21000
1588,8,'PR-103C',18000
1589,6,'DPC-578L',73000
1590,1,'TV-553D',101000
1591,9,'DC-641M',8000
1592,5,'RC-685T',20000
1593,8,'PR-021D',5000
1594,4,'COMPO-786R',114000
1595,3,'DVDR-463N',105000
1596,9,'DC-317J',22000
1597,9,'DC-662S',16000
1598,10,'MP3-513U',5000
1599,8,'PR-850N',17000
1600,1,'TV-081J',128000
1601,1,'TV-836I',134000
1602,7,'NPC-821M',112000
1603,7,'NPC-163Q',110000
1604,8,'PR-500I',12000
1605,10,'MP3-148O',5000
1606,7,'NPC-610X',77000
1607,9,'DC-078D',28000
1608,10,'MP3-437D',12000
1609,3,'DVDR-623N',111000
1610,9,'DC-254O',39000
1611,9,'DC-403V',16000
1612,9,'DC-632Q',10000
1613,3,'DVDR-621T',142000
1614,3,'DVDR-026Q',118000
1615,10,'MP3-322I',3000
1616,5,'RC-816X',15000
1617,1,'TV-723Y',227000
1618,4,'COMPO-680X',111000
1619,1,'TV-241C',157000
1620,4,'COMPO-083I',71000
1621,1,'TV-274G',297000
1622,5,'RC-544W',8000
1623,10,'MP3-644A',9000
1624,7,'NPC-734B',99000
1625,1,'TV-124B',44000
1626,3,'DVDR-422E',114000
1627,9,'DC-280F',20000
1628,3,'DVDR-384M',88000
1629,8,'PR-167Y',13000
1630,5,'RC-224O',17000
1631,7,'NPC-047U',49000
1632,7,'NPC-214N',109000
1633,1,'TV-532U',39000
1634,6,'DPC-042A',30000
1635,6,'DPC-514X',40000
1636,8,'PR-750J',12000
1637,1,'TV-312S',12000
1638,9,'DC-452F',21000
1639,9,'DC-081Y',4000
1640,1,'TV-420F',153000
1641,3,'DVDR-373Y',43000
1642,3,'DVDR-586G',62000
1643,3,'DVDR-458K',30000
1644,1,'TV-165G',282000
1645,9,'DC-584I',26000
1646,3,'DVDR-524Q',113000
1647,2,'DVDP-373A',27000
1648,1,'TV-530J',270000
1649,9,'DC-565Z',40000
1650,7,'NPC-248V',49000
1651,2,'DVDP-230K',7000
1652,7,'NPC-702H',55000
1653,3,'DVDR-346L',86000
1654,7,'NPC-277L',82000
1655,6,'DPC-683A',82000
1656,7,'NPC-024Z',124000
1657,10,'MP3-340T',3000
1658,8,'PR-670Y',18000
1659,9,'DC-826I',4000
1660,6,'DPC-040Q',43000
1661,9,'DC-667T',20000
1662,1,'TV-780N',149000
1663,1,'TV-527A',194000
1664,7,'NPC-415T',84000
1665,9,'DC-575P',35000
1666,9,'DC-657F',27000
1667,9,'DC-642Q',23000
1668,2,'DVDP-170S',4000
1669,7,'NPC-043A',75000
1670,1,'TV-041V',151000
1671,1,'TV-216J',261000
1672,10,'MP3-142O',12000
1673,7,'NPC-866Q',44000
1674,2,'DVDP-208L',10000
1675,9,'DC-178Z',26000
1676,8,'PR-560K',27000
1677,9,'DC-012D',22000
1678,1,'TV-125J',154000
1679,10,'MP3-018Y',27000
1680,1,'TV-183A',139000
1681,9,'DC-107L',36000
1682,1,'TV-574U',236000
1683,1,'TV-608J',55000
1684,1,'TV-161X',28000
1685,9,'DC-723M',24000
1686,10,'MP3-460Q',12000
1687,9,'DC-050S',26000
1688,9,'DC-217P',21000
1689,1,'TV-714H',94000
1690,6,'DPC-785E',105000
1691,3,'DVDR-535G',135000
1692,7,'NPC-640Z',66000
1693,7,'NPC-402N',147000
1694,7,'NPC-136M',99000
1695,5,'RC-482P',26000
1696,7,'NPC-530I',82000
1697,10,'MP3-600L',6000
1698,5,'RC-304N',38000
1699,3,'DVDR-332L',48000
1700,7,'NPC-502W',82000
1701,8,'PR-082B',10000
1702,4,'COMPO-385P',41000
1703,9,'DC-082Q',5000
1704,4,'COMPO-430T',127000
1705,2,'DVDP-065U',8000
1706,1,'TV-642F',300000
1707,6,'DPC-408F',75000
1708,9,'DC-331C',31000
1709,8,'PR-631T',9000
1710,9,'DC-718P',23000
1711,1,'TV-407J',279000
1712,4,'COMPO-888I',93000
1713,9,'DC-122C',22000
1714,1,'TV-453I',180000
1715,4,'COMPO-027R',122000
1716,9,'DC-341S',36000
1717,5,'RC-047N',15000
1718,9,'DC-761V',7000
1719,3,'DVDR-547B',69000
1720,9,'DC-656C',29000
1721,9,'DC-840C',21000
1722,4,'COMPO-241D',50000
1723,5,'RC-117S',25000
1724,8,'PR-028L',13000
1725,1,'TV-436K',74000
1726,9,'DC-173H',35000
1727,3,'DVDR-536W',84000
1728,9,'DC-315J',30000
1729,3,'DVDR-236D',91000
1730,9,'DC-354I',14000
1731,7,'NPC-748R',48000
1732,7,'NPC-211R',103000
1733,10,'MP3-881R',12000
1734,10,'MP3-564F',19000
1735,10,'MP3-342Z',25000
1736,3,'DVDR-634Z',90000
1737,6,'DPC-324K',37000
1738,6,'DPC-236Q',31000
1739,3,'DVDR-722C',129000
1740,9,'DC-465D',33000
1741,4,'COMPO-856B',73000
1742,9,'DC-622Q',40000
1743,4,'COMPO-155A',81000
1744,2,'DVDP-338Q',7000
1745,9,'DC-140S',23000
1746,1,'TV-185V',281000
1747,10,'MP3-514N',6000
1748,9,'DC-480Y',3000
1749,9,'DC-183V',38000
1750,4,'COMPO-538Z',69000
1751,9,'DC-507R',9000
1752,5,'RC-184L',31000
1753,10,'MP3-673Q',21000
1754,3,'DVDR-854M',68000
1755,6,'DPC-362T',98000
1756,1,'TV-552G',57000
1757,10,'MP3-647D',17000
1758,5,'RC-007V',39000
1759,7,'NPC-643M',66000
1760,10,'MP3-376K',15000
1761,9,'DC-820T',13000
1762,5,'RC-816O',30000
1763,9,'DC-624Y',12000
1764,7,'NPC-231Z',99000
1765,6,'DPC-871P',128000
1766,9,'DC-225X',32000
1767,7,'NPC-006Y',149000
1768,1,'TV-108U',75000
1769,7,'NPC-005E',154000
1770,3,'DVDR-444Z',148000
1771,8,'PR-204E',25000
1772,8,'PR-117V',19000
1773,7,'NPC-614K',153000
1774,3,'DVDR-313B',45000
1775,3,'DVDR-043O',132000
1776,10,'MP3-154W',11000
1777,7,'NPC-378D',91000
1778,2,'DVDP-580E',8000
1779,1,'TV-755P',126000
1780,9,'DC-582J',28000
1781,3,'DVDR-587I',32000
1782,9,'DC-014P',23000
1783,7,'NPC-186R',99000
1784,10,'MP3-130Q',3000
1785,1,'TV-067Y',228000
1786,9,'DC-883F',17000
1787,9,'DC-847W',10000
1788,9,'DC-820L',7000
1789,10,'MP3-281L',28000
1790,9,'DC-647N',15000
1791,3,'DVDR-131E',32000
1792,6,'DPC-553N',104000
1793,6,'DPC-210B',89000
1794,3,'DVDR-334O',99000
1795,9,'DC-218I',8000
1796,10,'MP3-656M',9000
1797,10,'MP3-767V',28000
1798,9,'DC-455Z',19000
1799,6,'DPC-232S',72000
1800,3,'DVDR-541K',49000
1801,8,'PR-027V',14000
1802,4,'COMPO-362Y',22000
1803,9,'DC-688F',14000
1804,10,'MP3-481T',18000
1805,6,'DPC-532H',37000
1806,10,'MP3-076M',12000
1807,1,'TV-617D',221000
1808,7,'NPC-718P',97000
1809,1,'TV-738V',60000
1810,9,'DC-234G',30000
1811,7,'NPC-245N',53000
1812,10,'MP3-465F',30000
1813,7,'NPC-625U',70000
1814,4,'COMPO-652Q',127000
1815,5,'RC-341I',32000
1816,3,'DVDR-260F',94000
1817,9,'DC-812O',36000
1818,7,'NPC-752U',69000
1819,1,'TV-476A',26000
1820,7,'NPC-488G',108000
1821,4,'COMPO-021O',84000
1822,10,'MP3-603W',16000
1823,9,'DC-860V',25000
1824,3,'DVDR-027Q',148000
1825,3,'DVDR-011X',118000
1826,6,'DPC-656Q',100000
1827,9,'DC-702I',12000
1828,9,'DC-037W',23000
1829,3,'DVDR-722S',62000
1830,7,'NPC-212M',77000
1831,1,'TV-145O',202000
1832,4,'COMPO-654W',85000
1833,8,'PR-488F',29000
1834,10,'MP3-116G',3000
1835,10,'MP3-083V',14000
1836,8,'PR-750J',19000
1837,6,'DPC-053S',118000
1838,6,'DPC-435J',74000
1839,3,'DVDR-372H',36000
1840,7,'NPC-455S',58000
1841,7,'NPC-833H',41000
1842,2,'DVDP-273B',16000
1843,10,'MP3-786C',18000
1844,6,'DPC-747J',52000
1845,10,'MP3-474Q',14000
1846,5,'RC-335Z',23000
1847,10,'MP3-758Q',12000
1848,3,'DVDR-472V',132000
1849,9,'DC-613P',29000
1850,7,'NPC-110K',126000
1851,4,'COMPO-225J',51000
1852,9,'DC-488J',25000
1853,2,'DVDP-718H',26000
1854,4,'COMPO-558I',88000
1855,3,'DVDR-253Y',102000
1856,10,'MP3-107H',29000
1857,1,'TV-134A',244000
1858,1,'TV-772D',188000
1859,6,'DPC-366Y',92000
1860,6,'DPC-336O',39000
1861,1,'TV-137C',219000
1862,9,'DC-877R',18000
1863,8,'PR-085V',4000
1864,9,'DC-531D',35000
1865,6,'DPC-003Z',110000
1866,1,'TV-252D',21000
1867,4,'COMPO-678C',58000
1868,7,'NPC-053X',145000
1869,6,'DPC-446M',123000
1870,9,'DC-221O',18000
1871,9,'DC-804O',23000
1872,9,'DC-880W',37000
1873,1,'TV-380I',237000
1874,9,'DC-668V',14000
1875,4,'COMPO-041C',101000
1876,7,'NPC-333M',156000
1877,1,'TV-157V',63000
1878,1,'TV-720T',36000
1879,1,'TV-351X',205000
1880,3,'DVDR-318G',127000
1881,1,'TV-508X',280000
1882,10,'MP3-416W',16000
1883,7,'NPC-376U',100000
1884,1,'TV-005V',182000
1885,10,'MP3-714I',3000
1886,9,'DC-531K',16000
1887,7,'NPC-702C',68000
1888,6,'DPC-571V',44000
1889,10,'MP3-878T',30000
1890,7,'NPC-801V',134000
1891,9,'DC-062K',27000
1892,10,'MP3-115E',16000
1893,8,'PR-732E',10000
1894,1,'TV-400T',50000
1895,8,'PR-665T',22000
1896,9,'DC-453N',13000
1897,8,'PR-781L',30000
1898,2,'DVDP-511I',16000
1899,6,'DPC-102S',96000
1900,6,'DPC-343O',135000
1901,10,'MP3-776L',12000
1902,9,'DC-881K',3000
1903,9,'DC-302U',4000
1904,9,'DC-720F',13000
1905,1,'TV-300C',189000
1906,10,'MP3-406D',8000
1907,9,'DC-452K',39000
1908,1,'TV-182C',39000
1909,1,'TV-850D',244000
1910,3,'DVDR-238C',17000
1911,1,'TV-665G',110000
1912,10,'MP3-267M',10000
1913,6,'DPC-100T',35000
1914,7,'NPC-330V',142000
1915,6,'DPC-420Y',47000
1916,6,'DPC-531M',74000
1917,5,'RC-885J',32000
1918,1,'TV-802T',289000
1919,3,'DVDR-073H',53000
1920,9,'DC-071N',30000
1921,1,'TV-672U',132000
1922,4,'COMPO-886Q',103000
1923,3,'DVDR-588W',134000
1924,7,'NPC-804G',42000
1925,6,'DPC-420Z',77000
1926,7,'NPC-365Z',97000
1927,6,'DPC-463E',147000
1928,6,'DPC-672Y',122000
1929,8,'PR-518K',22000
1930,6,'DPC-118M',148000
1931,7,'NPC-504O',135000
1932,8,'PR-213K',14000
1933,7,'NPC-680E',63000
1934,10,'MP3-377F',13000
1935,2,'DVDP-814G',6000
1936,1,'TV-086S',85000
1937,8,'PR-321K',8000
1938,6,'DPC-070F',140000
1939,5,'RC-037E',34000
1940,4,'COMPO-224O',116000
1941,7,'NPC-433I',107000
1942,7,'NPC-510F',159000
1943,9,'DC-205D',28000
1944,9,'DC-844G',14000
1945,2,'DVDP-102U',24000
1946,7,'NPC-455M',81000
1947,10,'MP3-404P',19000
1948,3,'DVDR-518L',75000
1949,4,'COMPO-860S',119000
1950,4,'COMPO-355T',90000
1951,9,'DC-353T',33000
1952,9,'DC-046B',11000
1953,9,'DC-027H',8000
1954,6,'DPC-367S',34000
1955,4,'COMPO-543W',43000
1956,10,'MP3-686B',29000
1957,9,'DC-368B',20000
1958,9,'DC-026S',40000
1959,5,'RC-413I',37000
1960,10,'MP3-386P',10000
1961,1,'TV-288Z',163000
1962,9,'DC-803O',26000
1963,10,'MP3-886M',12000
1964,4,'COMPO-753E',42000
1965,9,'DC-036V',15000
1966,1,'TV-772K',252000
1967,7,'NPC-833U',62000
1968,10,'MP3-160S',17000
1969,3,'DVDR-623R',104000
1970,9,'DC-583D',6000
1971,5,'RC-228I',19000
1972,8,'PR-543S',25000
1973,1,'TV-188F',91000
1974,6,'DPC-286A',30000
1975,2,'DVDP-624T',16000
1976,1,'TV-657T',230000
1977,9,'DC-381K',12000
1978,1,'TV-433D',166000
1979,10,'MP3-766C',3000
1980,8,'PR-870K',22000
1981,5,'RC-378T',37000
1982,6,'DPC-510X',53000
1983,5,'RC-783Q',30000
1984,9,'DC-086L',21000
1985,9,'DC-010V',13000
1986,9,'DC-460G',7000
1987,1,'TV-120J',270000
1988,9,'DC-338O',33000
1989,10,'MP3-108Q',24000
1990,10,'MP3-004O',3000
1991,9,'DC-541L',33000
1992,10,'MP3-551R',8000
1993,8,'PR-165J',23000
1994,9,'DC-236T',32000
1995,9,'DC-025S',7000
1996,7,'NPC-265P',75000
1997,10,'MP3-322E',23000
1998,6,'DPC-471K',131000
1999,9,'DC-784L',34000
2000,4,'COMPO-465H',75000
2001,5,'RC-216J',6000
2002,6,'DPC-746J',52000
2003,3,'DVDR-507V',67000
2004,9,'DC-644P',13000
2005,2,'DVDP-224J',4000
2006,7,'NPC-703K',140000
2007,9,'DC-454V',31000
2008,9,'DC-418M',36000
2009,9,'DC-102L',34000
2010,9,'DC-376W',32000
2011,3,'DVDR-216O',56000
2012,10,'MP3-155O',7000
2013,3,'DVDR-012W',84000
2014,9,'DC-740F',8000
2015,7,'NPC-510H',136000
2016,6,'DPC-858D',127000
2017,9,'DC-037S',16000
2018,3,'DVDR-106U',113000
2019,7,'NPC-658G',109000
2020,1,'TV-755D',149000
2021,3,'DVDR-505X',113000
2022,9,'DC-453J',12000
2023,8,'PR-425B',23000
2024,5,'RC-678V',39000
2025,7,'NPC-828F',147000
2026,9,'DC-234L',28000
2027,6,'DPC-034G',69000
2028,9,'DC-341Z',32000
2029,4,'COMPO-304W',95000
2030,2,'DVDP-503N',3000
2031,3,'DVDR-245C',38000
2032,5,'RC-172U',29000
2033,8,'PR-563X',27000
2034,1,'TV-828D',161000
2035,9,'DC-325S',14000
2036,1,'TV-207I',266000
2037,10,'MP3-657M',13000
2038,9,'DC-383D',24000
2039,9,'DC-164K',21000
2040,3,'DVDR-750Y',27000
2041,4,'COMPO-503V',27000
2042,6,'DPC-356R',129000
2043,10,'MP3-140P',26000
2044,8,'PR-155Z',16000
2045,1,'TV-144A',203000
2046,9,'DC-835R',20000
2047,3,'DVDR-254O',38000
2048,3,'DVDR-381J',92000
2049,1,'TV-660L',83000
2050,7,'NPC-306I',137000
2051,8,'PR-824C',4000
2052,10,'MP3-057Z',27000
2053,10,'MP3-475L',8000
2054,6,'DPC-411T',45000
2055,6,'DPC-231U',121000
2056,10,'MP3-752C',16000
2057,1,'TV-518C',271000
2058,3,'DVDR-705L',79000
2059,7,'NPC-522F',97000
2060,5,'RC-830G',24000
2061,2,'DVDP-860M',9000
2062,2,'DVDP-578J',20000
2063,9,'DC-771G',14000
2064,9,'DC-134V',4000
2065,1,'TV-485K',290000
2066,9,'DC-515T',8000
2067,3,'DVDR-185N',73000
2068,3,'DVDR-100D',129000
2069,8,'PR-152L',14000
2070,7,'NPC-028B',133000
2071,7,'NPC-588S',64000
2072,3,'DVDR-072Q',105000
2073,10,'MP3-482K',30000
2074,9,'DC-683Z',37000
2075,7,'NPC-657M',106000
2076,3,'DVDR-401Q',98000
2077,7,'NPC-333D',123000
2078,2,'DVDP-011H',19000
2079,2,'DVDP-802K',13000
2080,7,'NPC-630X',135000
2081,6,'DPC-815L',31000
2082,8,'PR-400S',5000
2083,4,'COMPO-452H',37000
2084,3,'DVDR-246Y',45000
2085,3,'DVDR-272J',96000
2086,3,'DVDR-016B',134000
2087,5,'RC-517W',6000
2088,7,'NPC-618G',115000
2089,1,'TV-283I',88000
2090,7,'NPC-660T',63000
2091,8,'PR-120K',12000
2092,9,'DC-166Z',5000
2093,8,'PR-646D',10000
2094,4,'COMPO-654F',84000
2095,9,'DC-078Q',10000
2096,1,'TV-513V',212000
2097,4,'COMPO-350G',63000
2098,9,'DC-445G',7000
2099,10,'MP3-876E',8000
2100,3,'DVDR-054T',47000
2101,9,'DC-063Y',40000
2102,4,'COMPO-541E',99000
2103,4,'COMPO-677C',38000
2104,5,'RC-070R',29000
2105,9,'DC-720K',18000
2106,4,'COMPO-668A',44000
2107,4,'COMPO-427B',107000
2108,8,'PR-524H',23000
2109,7,'NPC-203V',52000
2110,3,'DVDR-804G',72000
2111,9,'DC-322G',14000
2112,4,'COMPO-728D',93000
2113,7,'NPC-035P',88000
2114,1,'TV-825M',196000
2115,1,'TV-073M',276000
2116,9,'DC-271B',25000
2117,1,'TV-150L',187000
2118,4,'COMPO-868G',51000
2119,7,'NPC-177G',122000
2120,7,'NPC-808S',107000
2121,6,'DPC-852B',52000
2122,9,'DC-844Q',12000
2123,1,'TV-274A',105000
2124,1,'TV-403P',170000
2125,7,'NPC-346N',145000
2126,3,'DVDR-038C',96000
2127,1,'TV-037H',235000
2128,8,'PR-516V',5000
2129,9,'DC-006O',12000
2130,1,'TV-148D',51000
2131,8,'PR-380F',30000
2132,9,'DC-830Y',13000
2133,6,'DPC-067S',114000
2134,9,'DC-802A',19000
2135,9,'DC-408K',14000
2136,7,'NPC-181E',137000
2137,1,'TV-338Z',50000
2138,6,'DPC-335X',73000
2139,7,'NPC-533G',69000
2140,9,'DC-430B',11000
2141,1,'TV-538Z',185000
2142,5,'RC-446T',35000
2143,10,'MP3-783B',23000
2144,9,'DC-845I',32000
2145,2,'DVDP-161I',3000
2146,7,'NPC-666I',148000
2147,2,'DVDP-387I',10000
2148,9,'DC-848Q',34000
2149,5,'RC-856V',6000
2150,7,'NPC-388P',160000
2151,9,'DC-243D',28000
2152,7,'NPC-386S',98000
2153,6,'DPC-444V',66000
2154,10,'MP3-858O',23000
2155,9,'DC-812Z',25000
2156,8,'PR-154A',6000
2157,1,'TV-441O',211000
2158,6,'DPC-164Z',114000
2159,9,'DC-534I',23000
2160,9,'DC-067F',18000
2161,9,'DC-756Q',19000
2162,9,'DC-554T',6000
2163,9,'DC-607G',40000
2164,3,'DVDR-111C',27000
2165,4,'COMPO-235R',99000
2166,7,'NPC-036S',128000
2167,8,'PR-548V',10000
2168,7,'NPC-812Z',55000
2169,1,'TV-404U',170000
2170,3,'DVDR-478Q',35000
2171,10,'MP3-571B',24000
2172,10,'MP3-401P',11000
2173,8,'PR-346Q',19000
2174,6,'DPC-821F',110000
2175,1,'TV-413K',81000
2176,8,'PR-555B',16000
2177,9,'DC-568E',34000
2178,7,'NPC-106P',135000
2179,2,'DVDP-778V',25000
2180,9,'DC-114T',26000
2181,1,'TV-344H',148000
2182,7,'NPC-351X',126000
2183,6,'DPC-368P',63000
2184,9,'DC-758D',39000
2185,10,'MP3-450M',24000
2186,9,'DC-182P',29000
2187,6,'DPC-731B',117000
2188,7,'NPC-460K',158000
2189,1,'TV-481N',210000
2190,1,'TV-827S',289000
2191,7,'NPC-773I',87000
2192,7,'NPC-370E',49000
2193,9,'DC-888W',39000
2194,1,'TV-474D',31000
2195,1,'TV-751M',118000
2196,7,'NPC-571C',41000
2197,6,'DPC-731E',40000
2198,3,'DVDR-586N',59000
2199,1,'TV-541E',296000
2200,6,'DPC-181A',100000
2201,3,'DVDR-453N',76000
2202,8,'PR-547H',16000
2203,2,'DVDP-537M',19000
2204,9,'DC-277Y',15000
2205,1,'TV-124S',227000
2206,7,'NPC-660S',157000
2207,9,'DC-786Z',7000
2208,1,'TV-824A',282000
2209,9,'DC-300D',4000
2210,4,'COMPO-762M',48000
2211,1,'TV-372C',96000
2212,6,'DPC-341L',121000
2213,9,'DC-041Z',13000
2214,3,'DVDR-252W',141000
2215,6,'DPC-450R',86000
2216,4,'COMPO-078J',122000
2217,10,'MP3-810B',19000
2218,10,'MP3-523W',20000
2219,4,'COMPO-521D',124000
2220,10,'MP3-063M',7000
2221,9,'DC-622U',14000
2222,9,'DC-625A',3000
2223,6,'DPC-834G',69000
2224,1,'TV-852R',278000
2225,9,'DC-848R',25000
2226,1,'TV-286H',269000
2227,3,'DVDR-303H',56000
2228,3,'DVDR-513T',51000
2229,9,'DC-603Y',10000
2230,1,'TV-460A',204000
2231,9,'DC-043I',21000
2232,10,'MP3-337D',28000
2233,6,'DPC-633W',127000
2234,5,'RC-166L',34000
2235,10,'MP3-742I',26000
2236,3,'DVDR-487M',90000
2237,1,'TV-324U',31000
2238,9,'DC-855K',17000
2239,8,'PR-442C',24000
2240,9,'DC-671G',20000
2241,1,'TV-384B',293000
2242,10,'MP3-136X',20000
2243,2,'DVDP-883I',19000
2244,5,'RC-542R',25000
2245,6,'DPC-356L',97000
2246,9,'DC-057O',5000
2247,8,'PR-332O',4000
2248,7,'NPC-016V',92000
2249,7,'NPC-276I',124000
2250,1,'TV-556Z',56000
2251,10,'MP3-770T',4000
2252,6,'DPC-720L',37000
2253,5,'RC-181I',31000
2254,7,'NPC-674F',158000
2255,4,'COMPO-200J',97000
2256,1,'TV-258D',152000
2257,3,'DVDR-636G',26000
2258,7,'NPC-776F',100000
2259,7,'NPC-011C',92000
2260,7,'NPC-883E',121000
2261,4,'COMPO-154Z',95000
2262,9,'DC-340V',9000
2263,9,'DC-077S',26000
2264,9,'DC-740H',39000
2265,8,'PR-146V',21000
2266,1,'TV-056Y',189000
2267,10,'MP3-610J',5000
2268,9,'DC-663T',17000
2269,5,'RC-527R',30000
2270,6,'DPC-462G',45000
2271,6,'DPC-153P',150000
2272,9,'DC-524W',11000
2273,10,'MP3-574M',8000
2274,7,'NPC-025N',54000
2275,7,'NPC-077A',55000
2276,3,'DVDR-001V',122000
2277,9,'DC-130A',39000
2278,9,'DC-033S',30000
2279,6,'DPC-183Y',75000
2280,3,'DVDR-638V',50000
2281,10,'MP3-353J',9000
2282,9,'DC-500Y',34000
2283,10,'MP3-852R',3000
2284,7,'NPC-074H',108000
2285,3,'DVDR-753S',125000
2286,10,'MP3-116Z',11000
2287,7,'NPC-356J',69000
2288,2,'DVDP-714O',21000
2289,10,'MP3-031O',15000
2290,4,'COMPO-100J',20000
2291,9,'DC-178A',25000
2292,10,'MP3-767U',6000
2293,2,'DVDP-060T',12000
2294,9,'DC-102W',21000
2295,7,'NPC-858Y',113000
2296,3,'DVDR-355Q',15000
2297,3,'DVDR-078F',72000
2298,10,'MP3-247W',27000
2299,9,'DC-522N',16000
2300,2,'DVDP-418I',22000
2301,1,'TV-362H',221000
2302,10,'MP3-036F',21000
2303,4,'COMPO-465S',99000
2304,4,'COMPO-651M',38000
2305,5,'RC-302R',12000
2306,4,'COMPO-515X',11000
2307,2,'DVDP-880Y',25000
2308,1,'TV-568L',296000
2309,3,'DVDR-580S',143000
2310,1,'TV-720A',93000
2311,2,'DVDP-604H',19000
2312,6,'DPC-652F',60000
2313,8,'PR-333H',22000
2314,7,'NPC-322S',93000
2315,4,'COMPO-584R',112000
2316,9,'DC-647F',38000
2317,10,'MP3-211C',14000
2318,4,'COMPO-876W',120000
2319,6,'DPC-763X',70000
2320,3,'DVDR-168C',134000
2321,3,'DVDR-325L',24000
2322,6,'DPC-130L',103000
2323,6,'DPC-688C',149000
2324,6,'DPC-573K',99000
2325,6,'DPC-557A',61000
2326,1,'TV-806Y',176000
2327,7,'NPC-687S',63000
2328,1,'TV-688F',35000
2329,6,'DPC-410Z',83000
2330,7,'NPC-753L',71000
2331,10,'MP3-730O',14000
2332,1,'TV-740Z',62000
2333,1,'TV-380J',278000
2334,7,'NPC-178K',137000
2335,10,'MP3-812T',7000
2336,10,'MP3-155V',20000
2337,5,'RC-461X',15000
2338,7,'NPC-471T',104000
2339,2,'DVDP-773V',11000
2340,6,'DPC-306I',86000
2341,7,'NPC-557C',72000
2342,6,'DPC-833A',136000
2343,4,'COMPO-071Q',62000
2344,9,'DC-433C',5000
2345,9,'DC-152X',37000
2346,9,'DC-781S',37000
2347,6,'DPC-122N',42000
2348,9,'DC-044M',39000
2349,10,'MP3-146B',25000
2350,3,'DVDR-657N',115000
2351,3,'DVDR-352M',88000
2352,7,'NPC-256P',91000
2353,10,'MP3-262F',18000
2354,7,'NPC-832X',124000
2355,3,'DVDR-434Q',33000
2356,9,'DC-006Q',36000
2357,1,'TV-554G',16000
2358,9,'DC-734D',31000
2359,9,'DC-300F',23000
2360,7,'NPC-826P',66000
2361,7,'NPC-575B',96000
2362,10,'MP3-822K',13000
2363,7,'NPC-187P',112000
2364,9,'DC-613Z',39000
2365,6,'DPC-418C',130000
2366,10,'MP3-005W',12000
2367,9,'DC-501L',40000
2368,4,'COMPO-430L',100000
2369,7,'NPC-722M',80000
2370,8,'PR-056F',19000
2371,10,'MP3-770C',24000
2372,5,'RC-633Z',13000
2373,9,'DC-574X',6000
2374,2,'DVDP-568H',9000
2375,1,'TV-462J',133000
2376,3,'DVDR-783K',77000
2377,7,'NPC-615O',78000
2378,7,'NPC-505H',43000
2379,8,'PR-728M',29000
2380,10,'MP3-245N',29000
2381,6,'DPC-657A',71000
2382,4,'COMPO-066S',63000
2383,9,'DC-354K',25000
2384,6,'DPC-074O',31000
2385,10,'MP3-277X',14000
2386,4,'COMPO-788R',42000
2387,3,'DVDR-328W',90000
2388,10,'MP3-383R',5000
2389,10,'MP3-410E',26000
2390,3,'DVDR-612S',101000
2391,10,'MP3-612A',26000
2392,8,'PR-132T',6000
2393,1,'TV-205B',284000
2394,7,'NPC-003I',151000
2395,3,'DVDR-051T',15000
2396,8,'PR-430H',19000
2397,6,'DPC-537F',85000
2398,7,'NPC-620J',151000
2399,8,'PR-708P',19000
2400,4,'COMPO-553Y',65000
2401,7,'NPC-267L',141000
2402,2,'DVDP-758V',28000
2403,10,'MP3-620X',22000
2404,9,'DC-175F',38000
2405,9,'DC-312Y',27000
2406,9,'DC-816I',28000
2407,6,'DPC-675Z',99000
2408,10,'MP3-072K',11000
2409,5,'RC-705J',21000
2410,1,'TV-554Z',246000
2411,6,'DPC-014Q',77000
2412,1,'TV-787V',33000
2413,10,'MP3-481S',5000
2414,2,'DVDP-843N',18000
2415,4,'COMPO-674Y',61000
2416,9,'DC-483R',32000
2417,7,'NPC-877A',118000
2418,7,'NPC-007O',127000
2419,10,'MP3-735A',23000
2420,1,'TV-730I',169000
2421,8,'PR-646Q',4000
2422,1,'TV-544R',299000
2423,6,'DPC-600Q',127000
2424,7,'NPC-226L',136000
2425,7,'NPC-244V',160000
2426,3,'DVDR-155M',124000
2427,4,'COMPO-004M',73000
2428,9,'DC-104S',24000
2429,1,'TV-116M',237000
2430,6,'DPC-707V',67000
2431,7,'NPC-216S',122000
2432,7,'NPC-054U',63000
2433,6,'DPC-515F',40000
2434,8,'PR-574V',29000
2435,2,'DVDP-868T',17000
2436,10,'MP3-588Z',5000
2437,6,'DPC-617H',109000
2438,5,'RC-071V',29000
2439,7,'NPC-136R',62000
2440,9,'DC-081E',27000
2441,10,'MP3-608C',11000
2442,6,'DPC-335X',134000
2443,8,'PR-151U',16000
2444,9,'DC-615A',15000
2445,4,'COMPO-804F',118000
2446,6,'DPC-160B',147000
2447,6,'DPC-010S',129000
2448,6,'DPC-004J',142000
2449,1,'TV-150P',59000
2450,10,'MP3-502T',10000
2451,7,'NPC-220P',94000
2452,9,'DC-680L',23000
2453,3,'DVDR-563C',128000
2454,6,'DPC-357M',102000
2455,9,'DC-338X',5000
2456,5,'RC-362P',27000
2457,7,'NPC-537R',80000
2458,5,'RC-006S',6000
2459,4,'COMPO-777X',107000
2460,7,'NPC-582O',134000
2461,6,'DPC-605Z',41000
2462,1,'TV-283D',191000
2463,7,'NPC-125S',50000
2464,10,'MP3-778O',21000
2465,3,'DVDR-336S',129000
2466,1,'TV-714F',118000
2467,7,'NPC-785Q',114000
2468,7,'NPC-443X',86000
2469,10,'MP3-850Z',3000
2470,8,'PR-817N',8000
2471,7,'NPC-025L',127000
2472,3,'DVDR-565Q',30000
2473,6,'DPC-304U',136000
2474,1,'TV-225P',72000
2475,4,'COMPO-600G',69000
2476,7,'NPC-685O',57000
2477,8,'PR-166S',5000
2478,8,'PR-600J',14000
2479,6,'DPC-761S',31000
2480,10,'MP3-143Y',30000
2481,3,'DVDR-534L',87000
2482,10,'MP3-431Q',16000
2483,7,'NPC-065H',140000
2484,9,'DC-716M',20000
2485,9,'DC-024X',31000
2486,6,'DPC-336V',75000
2487,3,'DVDR-267I',67000
2488,3,'DVDR-765U',80000
2489,6,'DPC-605J',141000
2490,6,'DPC-042H',86000
2491,9,'DC-568X',21000
2492,1,'TV-666C',279000
2493,7,'NPC-837W',105000
2494,3,'DVDR-851S',65000
2495,10,'MP3-308U',27000
2496,2,'DVDP-162L',11000
2497,3,'DVDR-874B',106000
2498,4,'COMPO-033H',48000
2499,3,'DVDR-682Y',37000
2500,7,'NPC-312B',80000
2501,9,'DC-350N',33000
2502,3,'DVDR-062S',85000
2503,8,'PR-070C',30000
2504,1,'TV-520P',221000
2505,4,'COMPO-010Z',19000
2506,9,'DC-458T',12000
2507,10,'MP3-782O',19000
2508,10,'MP3-608Z',4000
2509,1,'TV-437B',104000
2510,2,'DVDP-320R',22000
2511,10,'MP3-873D',6000
2512,8,'PR-456F',4000
2513,4,'COMPO-264Z',43000
2514,8,'PR-647T',20000
2515,9,'DC-464F',10000
2516,3,'DVDR-522I',121000
2517,9,'DC-400J',29000
2518,9,'DC-723W',3000
2519,6,'DPC-403E',57000
2520,4,'COMPO-206M',32000
2521,6,'DPC-282T',76000
2522,6,'DPC-164V',121000
2523,1,'TV-678D',88000
2524,1,'TV-876V',296000
2525,1,'TV-028Z',258000
2526,1,'TV-633L',243000
2527,10,'MP3-565O',6000
2528,10,'MP3-268A',10000
2529,4,'COMPO-361B',29000
2530,10,'MP3-227P',16000
2531,8,'PR-173N',24000
2532,3,'DVDR-533H',117000
2533,7,'NPC-582Z',107000
2534,1,'TV-813T',165000
2535,6,'DPC-524H',51000
2536,10,'MP3-815U',8000
2537,9,'DC-555Z',28000
2538,9,'DC-810L',36000
2539,9,'DC-352I',32000
2540,3,'DVDR-147Y',136000
2541,9,'DC-564E',10000
2542,9,'DC-571H',8000
2543,9,'DC-706S',27000
2544,10,'MP3-530S',30000
2545,6,'DPC-406Y',103000
2546,10,'MP3-350G',9000
2547,1,'TV-210M',183000
2548,1,'TV-735W',91000
2549,7,'NPC-525G',81000
2550,10,'MP3-783J',29000
2551,9,'DC-230S',21000
2552,10,'MP3-763P',26000
2553,4,'COMPO-855C',75000
2554,7,'NPC-700A',100000
2555,9,'DC-846D',15000
2556,5,'RC-327N',11000
2557,8,'PR-225T',9000
2558,1,'TV-058X',121000
2559,3,'DVDR-365W',37000
2560,9,'DC-683F',26000
2561,1,'TV-252Q',104000
2562,7,'NPC-175T',130000
2563,7,'NPC-341O',49000
2564,9,'DC-262B',25000
2565,1,'TV-287Y',248000
2566,9,'DC-765U',18000
2567,10,'MP3-544L',27000
2568,7,'NPC-517Q',71000
2569,7,'NPC-730D',76000
2570,9,'DC-635U',28000
2571,7,'NPC-014D',90000
2572,10,'MP3-155R',5000
2573,5,'RC-376H',30000
2574,10,'MP3-665T',17000
2575,4,'COMPO-670P',121000
2576,3,'DVDR-851R',138000
2577,1,'TV-034H',74000
2578,1,'TV-586A',288000
2579,6,'DPC-111G',74000
2580,10,'MP3-227F',20000
2581,10,'MP3-478U',12000
2582,4,'COMPO-837A',85000
2583,7,'NPC-756G',85000
2584,5,'RC-418N',26000
2585,6,'DPC-202X',53000
2586,6,'DPC-562L',119000
2587,2,'DVDP-505B',16000
2588,9,'DC-482B',14000
2589,6,'DPC-186Z',144000
2590,3,'DVDR-317M',144000
2591,9,'DC-836B',10000
2592,4,'COMPO-673I',69000
2593,9,'DC-380M',38000
2594,1,'TV-402E',55000
2595,6,'DPC-546Z',127000
2596,10,'MP3-447W',17000
2597,4,'COMPO-636R',53000
2598,1,'TV-815A',160000
2599,1,'TV-387D',243000
2600,8,'PR-323G',21000
2601,3,'DVDR-213K',137000
2602,10,'MP3-551D',22000
2603,7,'NPC-175W',89000
2604,10,'MP3-852K',28000
2605,1,'TV-322Y',299000
2606,6,'DPC-112N',131000
2607,7,'NPC-876X',93000
2608,4,'COMPO-521U',98000
2609,8,'PR-224X',22000
2610,1,'TV-455Q',198000
2611,10,'MP3-320P',8000
2612,9,'DC-640N',34000
2613,10,'MP3-352I',13000
2614,3,'DVDR-236T',127000
2615,7,'NPC-645Y',130000
2616,4,'COMPO-825V',76000
2617,5,'RC-344J',13000
2618,9,'DC-825L',10000
2619,6,'DPC-131A',75000
2620,10,'MP3-543M',5000
2621,3,'DVDR-124M',49000
2622,10,'MP3-436R',20000
2623,3,'DVDR-685L',79000
2624,10,'MP3-477T',13000
2625,7,'NPC-284F',72000
2626,6,'DPC-821P',116000
2627,1,'TV-323N',146000
2628,8,'PR-570P',28000
2629,6,'DPC-158V',122000
2630,9,'DC-511K',24000
2631,7,'NPC-238M',118000
2632,9,'DC-388W',24000
2633,3,'DVDR-504F',148000
2634,9,'DC-223X',20000
2635,10,'MP3-881C',26000
2636,10,'MP3-040N',18000
2637,6,'DPC-550P',67000
2638,1,'TV-261D',255000
2639,1,'TV-654X',159000
2640,9,'DC-652W',29000
2641,4,'COMPO-751W',122000
2642,9,'DC-586S',26000
2643,6,'DPC-377W',61000
2644,6,'DPC-272E',82000
2645,2,'DVDP-345V',14000
2646,4,'COMPO-228F',21000
2647,7,'NPC-306I',54000
2648,10,'MP3-312V',16000
2649,4,'COMPO-361H',22000
2650,2,'DVDP-225F',18000
2651,9,'DC-504K',6000
2652,10,'MP3-110E',3000
2653,6,'DPC-536D',105000
2654,10,'MP3-484N',8000
2655,3,'DVDR-273O',31000
2656,9,'DC-436S',8000
2657,7,'NPC-382J',120000
2658,4,'COMPO-601H',99000
2659,3,'DVDR-571U',97000
2660,7,'NPC-706K',135000
2661,4,'COMPO-336C',36000
2662,7,'NPC-302U',131000
2663,8,'PR-824J',18000
2664,5,'RC-755Z',29000
2665,1,'TV-080C',70000
2666,5,'RC-160D',6000
2667,6,'DPC-173T',59000
2668,1,'TV-254B',299000
2669,6,'DPC-211W',100000
2670,6,'DPC-257L',43000
2671,9,'DC-721F',19000
2672,9,'DC-360H',39000
2673,7,'NPC-375J',151000
2674,9,'DC-327L',30000
2675,3,'DVDR-224D',128000
2676,10,'MP3-854A',5000
2677,3,'DVDR-381N',103000
2678,9,'DC-850Z',24000
2679,3,'DVDR-422S',58000
2680,8,'PR-407C',28000
2681,8,'PR-005F',8000
2682,9,'DC-366D',23000
2683,1,'TV-327C',261000
2684,1,'TV-551H',74000
2685,3,'DVDR-170D',128000
2686,4,'COMPO-341C',121000
2687,7,'NPC-450J',77000
2688,8,'PR-423F',7000
2689,5,'RC-167O',11000
2690,9,'DC-043A',3000
2691,10,'MP3-473M',12000
2692,1,'TV-334A',197000
2693,5,'RC-346A',10000
2694,7,'NPC-454C',60000
2695,9,'DC-447M',29000
2696,7,'NPC-433M',87000
2697,9,'DC-203P',39000
2698,8,'PR-227C',30000
2699,9,'DC-541J',13000
2700,3,'DVDR-216X',106000
2701,10,'MP3-120U',24000
2702,6,'DPC-531X',106000
2703,1,'TV-113Y',289000
2704,10,'MP3-182J',25000
2705,1,'TV-677B',148000
2706,7,'NPC-522E',60000
2707,9,'DC-113R',4000
2708,3,'DVDR-817I',88000
2709,9,'DC-580K',25000
2710,10,'MP3-065R',11000
2711,3,'DVDR-632B',120000
2712,7,'NPC-272I',74000
2713,8,'PR-148F',18000
2714,4,'COMPO-547P',110000
2715,6,'DPC-864Q',102000
2716,1,'TV-286X',22000
2717,3,'DVDR-881Z',106000
2718,9,'DC-451T',17000
2719,1,'TV-207L',236000
2720,1,'TV-555S',267000
2721,2,'DVDP-455T',7000
2722,4,'COMPO-514E',13000
2723,1,'TV-184D',246000
2724,4,'COMPO-774E',74000
2725,10,'MP3-465D',13000
2726,9,'DC-311E',14000
2727,4,'COMPO-877M',102000
2728,8,'PR-080P',11000
2729,9,'DC-000C',24000
2730,1,'TV-152S',45000
2731,6,'DPC-125A',48000
2732,5,'RC-517Y',20000
2733,6,'DPC-071K',44000
2734,9,'DC-005Q',14000
2735,1,'TV-341E',103000
2736,7,'NPC-821N',153000
2737,8,'PR-502C',29000
2738,7,'NPC-220U',69000
2739,9,'DC-367Y',25000
2740,10,'MP3-421A',8000
2741,1,'TV-567N',280000
2742,1,'TV-755L',73000
2743,4,'COMPO-347N',120000
2744,8,'PR-054U',9000
2745,5,'RC-548R',36000
2746,7,'NPC-252R',156000
2747,10,'MP3-022B',14000
2748,9,'DC-810X',29000
2749,3,'DVDR-680M',31000
2750,1,'TV-510Z',120000
2751,9,'DC-578G',18000
2752,2,'DVDP-574U',30000
2753,8,'PR-282N',19000
2754,9,'DC-027A',23000
2755,7,'NPC-514X',128000
2756,8,'PR-533Q',28000
2757,8,'PR-120W',20000
2758,4,'COMPO-002R',120000
2759,7,'NPC-381J',54000
2760,10,'MP3-227V',8000
2761,9,'DC-730E',4000
2762,5,'RC-562K',5000
2763,7,'NPC-745I',153000
2764,8,'PR-624V',4000
2765,3,'DVDR-472N',71000
2766,7,'NPC-736S',151000
2767,1,'TV-367X',246000
2768,9,'DC-241D',33000
2769,1,'TV-833C',106000
2770,10,'MP3-184H',18000
2771,6,'DPC-877X',34000
2772,6,'DPC-740I',96000
2773,8,'PR-307J',27000
2774,10,'MP3-647U',20000
2775,7,'NPC-201G',102000
2776,10,'MP3-878K',18000
2777,9,'DC-471G',18000
2778,3,'DVDR-755N',22000
2779,6,'DPC-154K',121000
2780,1,'TV-582X',269000
2781,4,'COMPO-155B',128000
2782,9,'DC-333E',39000
2783,10,'MP3-738O',9000
2784,3,'DVDR-158Z',99000
2785,7,'NPC-102A',61000
2786,4,'COMPO-041B',54000
2787,1,'TV-424A',29000
2788,3,'DVDR-265M',123000
2789,5,'RC-012N',21000
2790,10,'MP3-721J',13000
2791,6,'DPC-832F',111000
2792,4,'COMPO-340J',69000
2793,4,'COMPO-166U',88000
2794,1,'TV-746L',82000
2795,8,'PR-082Z',15000
2796,7,'NPC-004V',86000
2797,7,'NPC-250Y',121000
2798,8,'PR-073K',26000
2799,7,'NPC-861W',107000
2800,10,'MP3-830O',29000
2801,5,'RC-760H',19000
2802,3,'DVDR-485F',78000
2803,8,'PR-473C',16000
2804,1,'TV-221M',54000
2805,1,'TV-326X',193000
2806,6,'DPC-204J',46000
2807,3,'DVDR-576V',90000
2808,10,'MP3-227I',18000
2809,9,'DC-641R',11000
2810,8,'PR-437N',21000
2811,10,'MP3-145G',7000
2812,9,'DC-327Z',21000
2813,9,'DC-177J',10000
2814,9,'DC-841U',26000
2815,7,'NPC-863Z',40000
2816,7,'NPC-475P',159000
2817,6,'DPC-707I',142000
2818,7,'NPC-723H',147000
2819,9,'DC-522A',3000
2820,6,'DPC-073R',57000
2821,5,'RC-180F',7000
2822,9,'DC-848R',26000
2823,7,'NPC-428C',110000
2824,7,'NPC-326Z',69000
2825,6,'DPC-211A',71000
2826,10,'MP3-710L',30000
2827,7,'NPC-287A',137000
2828,3,'DVDR-728H',110000
2829,4,'COMPO-882S',94000
2830,7,'NPC-745T',122000
2831,3,'DVDR-218O',31000
2832,7,'NPC-357Z',127000
2833,8,'PR-067N',15000
2834,3,'DVDR-810L',87000
2835,7,'NPC-522Y',49000
2836,9,'DC-520O',40000
2837,6,'DPC-180X',127000
2838,6,'DPC-861G',94000
2839,10,'MP3-273F',18000
2840,9,'DC-627O',24000
2841,1,'TV-160R',185000
2842,9,'DC-813C',4000
2843,9,'DC-548Z',19000
2844,10,'MP3-658S',7000
2845,9,'DC-226F',13000
2846,1,'TV-446B',295000
2847,6,'DPC-380Z',147000
2848,10,'MP3-422A',9000
2849,10,'MP3-732H',3000
2850,2,'DVDP-525L',12000
2851,8,'PR-807H',5000
2852,7,'NPC-174Z',79000
2853,10,'MP3-112J',9000
2854,3,'DVDR-560K',111000
2855,4,'COMPO-320L',74000
2856,4,'COMPO-467R',102000
2857,9,'DC-652Z',19000
2858,8,'PR-505I',8000
2859,10,'MP3-547Z',5000
2860,9,'DC-007V',36000
2861,6,'DPC-516S',120000
2862,10,'MP3-662R',4000
2863,9,'DC-402M',26000
2864,4,'COMPO-035Q',45000
2865,9,'DC-146W',15000
2866,9,'DC-608L',22000
2867,8,'PR-627H',12000
2868,1,'TV-887L',49000
2869,7,'NPC-818Y',80000
2870,7,'NPC-851G',71000
2871,1,'TV-844S',253000
2872,4,'COMPO-862H',106000
2873,2,'DVDP-645G',11000
2874,3,'DVDR-457I',59000
2875,10,'MP3-776B',4000
2876,10,'MP3-714O',20000
2877,8,'PR-206E',28000
2878,9,'DC-024S',38000
2879,3,'DVDR-305V',135000
2880,10,'MP3-837U',22000
2881,5,'RC-556F',9000
2882,8,'PR-005H',21000
2883,5,'RC-866Q',27000
2884,1,'TV-437O',157000
2885,10,'MP3-247J',17000
2886,4,'COMPO-164B',101000
2887,10,'MP3-034R',3000
2888,10,'MP3-610B',22000
2889,7,'NPC-284D',59000
2890,8,'PR-142I',20000
2891,1,'TV-215W',230000
2892,4,'COMPO-750K',70000
2893,1,'TV-323N',135000
2894,1,'TV-874A',238000
2895,6,'DPC-571E',124000
2896,10,'MP3-282W',4000
2897,7,'NPC-722W',121000
2898,10,'MP3-678Q',7000
2899,9,'DC-650R',3000
2900,7,'NPC-823F',62000
2901,9,'DC-482E',29000
2902,6,'DPC-034D',124000
2903,1,'TV-256M',69000
2904,9,'DC-352U',15000
2905,10,'MP3-508R',7000
2906,4,'COMPO-344L',46000
2907,8,'PR-014H',21000
2908,3,'DVDR-431O',68000
2909,7,'NPC-408Q',154000
2910,9,'DC-756X',8000
2911,5,'RC-307C',27000
2912,7,'NPC-834H',141000
2913,10,'MP3-464N',4000
2914,9,'DC-782K',21000
2915,1,'TV-824G',16000
2916,1,'TV-553V',71000
2917,10,'MP3-473U',29000
2918,4,'COMPO-851G',56000
2919,5,'RC-755Z',37000
2920,8,'PR-547T',21000
2921,3,'DVDR-500A',130000
2922,1,'TV-372U',252000
2923,10,'MP3-376E',24000
2924,9,'DC-614U',19000
2925,6,'DPC-384T',88000
2926,3,'DVDR-777U',75000
2927,7,'NPC-642P',68000
2928,6,'DPC-663O',144000
2929,3,'DVDR-456W',93000
2930,10,'MP3-585C',21000
2931,7,'NPC-566Y',103000
2932,6,'DPC-025R',41000
2933,6,'DPC-064X',70000
2934,8,'PR-710V',19000
2935,7,'NPC-132Z',121000
2936,7,'NPC-711W',64000
2937,1,'TV-445X',191000
2938,6,'DPC-032X',50000
2939,1,'TV-173J',127000
2940,10,'MP3-882J',10000
2941,3,'DVDR-830D',43000
2942,4,'COMPO-065D',60000
2943,1,'TV-645C',239000
2944,10,'MP3-355N',30000
2945,7,'NPC-271K',117000
2946,7,'NPC-586E',88000
2947,1,'TV-113I',139000
2948,7,'NPC-143J',115000
2949,10,'MP3-202Q',20000
2950,6,'DPC-282W',71000
2951,3,'DVDR-755S',108000
2952,3,'DVDR-342F',95000
2953,3,'DVDR-822M',94000
2954,9,'DC-184B',6000
2955,5,'RC-573F',29000
2956,5,'RC-044Z',15000
2957,10,'MP3-087I',21000
2958,10,'MP3-661Y',10000
2959,1,'TV-422L',147000
2960,9,'DC-718D',37000
2961,4,'COMPO-076K',128000
2962,10,'MP3-181B',25000
2963,6,'DPC-114V',96000
2964,3,'DVDR-028G',29000
2965,4,'COMPO-303J',67000
2966,7,'NPC-310S',68000
2967,4,'COMPO-434F',113000
2968,7,'NPC-366O',44000
2969,1,'TV-260M',250000
2970,1,'TV-213Y',176000
2971,1,'TV-321P',170000
2972,7,'NPC-733U',105000
2973,9,'DC-286Q',38000
2974,1,'TV-571F',296000
2975,6,'DPC-777K',146000
2976,6,'DPC-374G',103000
2977,10,'MP3-316D',7000
2978,9,'DC-375O',28000
2979,2,'DVDP-518M',23000
2980,7,'NPC-670K',131000
2981,1,'TV-224U',13000
2982,10,'MP3-884M',6000
2983,10,'MP3-146K',5000
2984,8,'PR-004I',22000
2985,3,'DVDR-783V',49000
2986,5,'RC-560A',23000
2987,7,'NPC-221R',50000
2988,8,'PR-881T',20000
2989,7,'NPC-777X',55000
2990,1,'TV-672K',73000
2991,7,'NPC-652T',152000
2992,4,'COMPO-531R',110000
2993,1,'TV-001D',204000
2994,10,'MP3-234T',26000
2995,8,'PR-538V',17000
2996,6,'DPC-232G',86000
2997,1,'TV-076W',179000
2998,9,'DC-677R',39000
2999,7,'NPC-302V',77000
3000,4,'COMPO-726H',70000
